tripletid,file_TGT,onset_TGT,offset_TGT,file_OTH,onset_OTH,offset_OTH,file_X,onset_X,offset_X,presentation_order,Practice,phoneitem_id_TGT,phone1_TGT,Target phone,phone3_TGT,talker_TGT,sex_TGT,dialect_TGT,phoneitem_id_OTH,phone1_OTH,Other phone,phone3_OTH,talker_OTH,sex_OTH,dialect_OTH,phoneitem_id_X,phone1_X,phone2_X,phone3_X,talker_X,sex_X,dialect_X,Block
t00000050941,TRAIN/DR6/FHXS0/SI2335,2.0689,2.3586,TRAIN/DR6/FHXS0/SX355,2.2036,2.4421,TEST/DR5/MBPM0/SX47,0.115,0.3816,AB,FALSE,i161067,m,aa,m,FHXS0,F,DR6,i161117,m,ae,m,FHXS0,F,DR6,i30731,m,aa,m,MBPM0,M,DR5,B1
t00000105620,TRAIN/DR7/MTML0/SX435,1.5925,1.8589,TRAIN/DR7/MTML0/SX75,0.6206,0.8334,TRAIN/DR7/MKDB0/SX62,0.3275,0.5511,AB,FALSE,i145924,k,aa,n,MTML0,M,DR7,i146038,k,ae,n,MTML0,M,DR7,i140961,k,aa,n,MKDB0,M,DR7,B2
t00000105963,TRAIN/DR7/MJFR0/SX435,2.2425,2.7287,TRAIN/DR7/MJFR0/SX75,0.6725,0.9286,TRAIN/DR6/MSAT1/SX353,0.1939,0.4825,AB,FALSE,i137024,k,aa,n,MJFR0,M,DR7,i137166,k,ae,n,MJFR0,M,DR7,i165116,k,aa,n,MSAT1,M,DR6,B3
t00000095760,TRAIN/DR2/FJKL0/SI932,2.1825,2.4759,TRAIN/DR2/FJKL0/SX392,0.9347,1.1566,TRAIN/DR4/MLJC0/SX55,0.8789,1.0684,BA,FALSE,i90917,k,aa,m,FJKL0,F,DR2,i90972,k,ae,m,FJKL0,F,DR2,i54456,k,aa,m,MLJC0,M,DR4,B1
t00000075973,TRAIN/DR4/MARW0/SI646,1.3325,1.5825,TRAIN/DR4/MARW0/SX286,2.06,2.3089,TEST/DR4/MBNS0/SX50,0.4934,0.7258,BA,FALSE,i56898,r,aa,f,MARW0,M,DR4,i56707,r,ae,f,MARW0,M,DR4,i7672,r,aa,f,MBNS0,M,DR4,B2
t00000000425,TEST/DR6/FLNH0/SI941,3.7991,4.1225,TEST/DR6/FLNH0/SI584,0.4804,0.7519,TEST/DR1/FDAC1/SX304,1.0802,1.53,BA,FALSE,i40162,t,aa,k,FLNH0,F,DR6,i40196,t,ae,k,FLNH0,F,DR6,i44329,t,aa,k,FDAC1,F,DR1,B3
t00000017157,TRAIN/DR7/FBLV0/SA1,0.6971,0.9321,TRAIN/DR7/FBLV0/SX338,2.0341,2.2167,TRAIN/DR2/MDWD0/SA1,0.6525,0.8525,AB,FALSE,i136018,d,aa,r,FBLV0,F,DR7,i136059,d,ah,r,FBLV0,F,DR7,i99043,d,aa,r,MDWD0,M,DR2,B1
t00000098530,TEST/DR1/FELC0/SX36,1.0025,1.2896,TEST/DR1/FELC0/SX306,1.2825,1.5324,TRAIN/DR5/FSKP0/SX288,0.7425,1.0757,AB,FALSE,i43806,k,aa,m,FELC0,F,DR1,i44051,k,ah,m,FELC0,F,DR1,i124645,k,aa,m,FSKP0,F,DR5,B2
t00000012734,TRAIN/DR7/MRMG0/SX270,0.3968,0.6434,TRAIN/DR7/MRMG0/SX360,2.48,2.8475,TEST/DR4/FJMG0/SX101,3.4925,3.765,AB,FALSE,i151284,hh,aa,l,MRMG0,M,DR7,i151280,hh,ah,l,MRMG0,M,DR7,i3801,hh,aa,l,FJMG0,F,DR4,B3
t00000007711,TRAIN/DR7/MSAH1/SX419,1.5718,1.7856,TRAIN/DR7/MSAH1/SI2309,1.5369,1.6332,TRAIN/DR2/MTAT1/SX419,2.1436,2.4912,BA,FALSE,i146182,w,aa,tcl,MSAH1,M,DR7,i146153,w,ah,tcl,MSAH1,M,DR7,i96192,w,aa,tcl,MTAT1,M,DR2,B1
t00000051162,TRAIN/DR2/MRJT0/SX328,0.8511,1.239,TRAIN/DR2/MRJT0/SI1498,1.3707,1.5931,TRAIN/DR6/FPAD0/SX446,0.1843,0.3672,BA,FALSE,i94988,t,aa,m,MRJT0,M,DR2,i94766,t,ah,m,MRJT0,M,DR2,i157507,t,aa,m,FPAD0,F,DR6,B2
t00000100328,TEST/DR3/FCMH0/SA1,2.6141,2.8025,TEST/DR3/FCMH0/SI2084,0.135,0.2675,TRAIN/DR2/MDEM0/SA1,3.0858,3.2625,BA,FALSE,i11118,w,aa,dx,FCMH0,F,DR3,i11036,w,ah,dx,FCMH0,F,DR3,i100768,w,aa,dx,MDEM0,M,DR2,B3
t00000043753,TRAIN/DR7/MBTH0/SX302,1.4606,1.7169,TRAIN/DR7/MBTH0/SA1,1.4712,1.7188,TRAIN/DR4/MRAB1/SX308,2.4483,2.7,AB,FALSE,i139814,r,aa,s,MBTH0,M,DR7,i139787,r,iy,s,MBTH0,M,DR7,i62304,r,aa,s,MRAB1,M,DR4,B1
t00000049930,TRAIN/DR2/MKAH0/SX88,2.4752,2.63,TRAIN/DR2/MKAH0/SX178,2.6559,2.8632,TEST/DR2/FJWB0/SX95,0.2611,0.4875,AB,FALSE,i104571,w,aa,n,MKAH0,M,DR2,i104488,w,iy,n,MKAH0,M,DR2,i18576,w,aa,n,FJWB0,F,DR2,B2
t00000020635,TRAIN/DR2/FJKL0/SX392,1.4619,1.6846,TRAIN/DR2/FJKL0/SI932,3.4244,3.6681,TEST/DR3/MHPG0/SI1090,2.2325,2.4775,AB,FALSE,i90980,r,aa,s,FJKL0,F,DR2,i90932,r,iy,s,FJKL0,F,DR2,i14087,r,aa,s,MHPG0,M,DR3,B3
t00000054803,TRAIN/DR7/MTLC0/SI847,0.3962,0.6225,TRAIN/DR7/MTLC0/SA2,1.5274,1.7467,TRAIN/DR4/FBAS0/SI2066,4.9025,5.3075,BA,FALSE,i152027,l,aa,r,MTLC0,M,DR7,i152138,l,iy,r,MTLC0,M,DR7,i63739,l,aa,r,FBAS0,F,DR4,B1
t00000056359,TRAIN/DR3/MMEB0/SI1357,3.3775,3.5945,TRAIN/DR3/MMEB0/SA2,1.3473,1.5222,TRAIN/DR3/MDNS0/SI1011,3.2087,3.4084,BA,FALSE,i75946,l,aa,r,MMEB0,M,DR3,i75895,l,iy,r,MMEB0,M,DR3,i68731,l,aa,r,MDNS0,M,DR3,B2
t00000061634,TEST/DR2/FCMR0/SX205,1.8198,2.0966,TEST/DR2/FCMR0/SA2,2.0183,2.2898,TEST/DR4/FSEM0/SX118,1.5175,1.7625,BA,FALSE,i20646,l,aa,r,FCMR0,F,DR2,i20691,l,iy,r,FCMR0,F,DR2,i8202,l,aa,r,FSEM0,F,DR4,B3
t00000016458,TEST/DR3/MWJG0/SA1,0.6475,0.8825,TEST/DR3/MWJG0/SX224,1.1462,1.3211,TRAIN/DR3/MPRD0/SA1,0.7258,0.9925,AB,FALSE,i14589,d,aa,r,MWJG0,M,DR3,i14480,d,uh,r,MWJG0,M,DR3,i69523,d,aa,r,MPRD0,M,DR3,B1
t00000015559,TRAIN/DR5/FSJG0/SA1,1.1093,1.4725,TRAIN/DR5/FSJG0/SI940,0.1369,0.3759,TEST/DR2/MABW0/SA1,0.6118,0.8277,AB,FALSE,i113558,d,aa,r,FSJG0,F,DR5,i113355,d,uh,r,FSJG0,F,DR5,i22765,d,aa,r,MABW0,M,DR2,B2
t00000015731,TRAIN/DR5/FSJG0/SA1,1.1093,1.4725,TRAIN/DR5/FSJG0/SI940,0.1369,0.3759,TRAIN/DR7/MJJM0/SA1,0.5125,0.69,AB,FALSE,i113558,d,aa,r,FSJG0,F,DR5,i113355,d,uh,r,FSJG0,F,DR5,i153735,d,aa,r,MJJM0,M,DR7,B3
t00000100193,TEST/DR2/MRCZ0/SA1,2.355,2.5675,TEST/DR2/MRCZ0/SI2171,0.77,0.8975,TRAIN/DR3/FLJD0/SA1,2.055,2.2575,BA,FALSE,i17177,w,aa,dx,MRCZ0,M,DR2,i17269,w,uh,dx,MRCZ0,M,DR2,i89668,w,aa,dx,FLJD0,F,DR3,B1
t00000015535,TRAIN/DR5/FSJG0/SA1,1.1093,1.4725,TRAIN/DR5/FSJG0/SI940,0.1369,0.3759,TRAIN/DR1/FSJK1/SA1,0.6527,0.9295,BA,FALSE,i113558,d,aa,r,FSJG0,F,DR5,i113355,d,uh,r,FSJG0,F,DR5,i172703,d,aa,r,FSJK1,F,DR1,B2
t00000016526,TEST/DR3/MWJG0/SA1,0.6475,0.8825,TEST/DR3/MWJG0/SX224,1.1462,1.3211,TRAIN/DR7/MSAH1/SA1,0.6175,0.7792,BA,FALSE,i14589,d,aa,r,MWJG0,M,DR3,i14480,d,uh,r,MWJG0,M,DR3,i146311,d,aa,r,MSAH1,M,DR7,B3
t00000017958,TRAIN/DR2/MRFK0/SA1,0.5525,0.8041,TRAIN/DR2/MRFK0/SI2336,1.0075,1.4517,TRAIN/DR2/FMMH0/SA1,0.8459,1.0704,AB,FALSE,i110901,d,aa,r,MRFK0,M,DR2,i110840,d,uw,r,MRFK0,M,DR2,i93036,d,aa,r,FMMH0,F,DR2,B1
t00000017994,TRAIN/DR2/MRFK0/SA1,0.5525,0.8041,TRAIN/DR2/MRFK0/SI2336,1.0075,1.4517,TRAIN/DR2/FSKL0/SA1,0.5509,0.7519,AB,FALSE,i110901,d,aa,r,MRFK0,M,DR2,i110840,d,uw,r,MRFK0,M,DR2,i97517,d,aa,r,FSKL0,F,DR2,B2
t00000018167,TRAIN/DR2/MRFK0/SA1,0.5525,0.8041,TRAIN/DR2/MRFK0/SI2336,1.0075,1.4517,TRAIN/DR4/MJDC0/SA1,0.6606,0.9008,AB,FALSE,i110901,d,aa,r,MRFK0,M,DR2,i110840,d,uw,r,MRFK0,M,DR2,i59215,d,aa,r,MJDC0,M,DR4,B3
t00000017936,TRAIN/DR2/MRFK0/SA1,0.5525,0.8041,TRAIN/DR2/MRFK0/SI2336,1.0075,1.4517,TRAIN/DR5/FLJA0/SA1,1.2755,1.5324,BA,FALSE,i110901,d,aa,r,MRFK0,M,DR2,i110840,d,uw,r,MRFK0,M,DR2,i123397,d,aa,r,FLJA0,F,DR5,B1
t00000018118,TRAIN/DR2/MRFK0/SA1,0.5525,0.8041,TRAIN/DR2/MRFK0/SI2336,1.0075,1.4517,TRAIN/DR2/MEFG0/SA1,0.6971,0.9321,BA,FALSE,i110901,d,aa,r,MRFK0,M,DR2,i110840,d,uw,r,MRFK0,M,DR2,i92714,d,aa,r,MEFG0,M,DR2,B2
t00000018285,TRAIN/DR2/MRFK0/SA1,0.5525,0.8041,TRAIN/DR2/MRFK0/SI2336,1.0075,1.4517,TEST/DR7/MNLS0/SA1,0.6275,0.8475,BA,FALSE,i110901,d,aa,r,MRFK0,M,DR2,i110840,d,uw,r,MRFK0,M,DR2,i37946,d,aa,r,MNLS0,M,DR7,B3
t00000086662,TRAIN/DR3/FGCS0/SA2,2.5143,2.8356,TRAIN/DR3/FGCS0/SX136,1.0074,1.2238,TRAIN/DR8/FNKL0/SA2,1.4987,1.859,AB,FALSE,i79096,r,ae,g,FGCS0,F,DR3,i78954,r,aa,g,FGCS0,F,DR3,i177272,r,ae,g,FNKL0,F,DR8,B1
t00000102551,TRAIN/DR6/FKLC1/SA2,0.7925,1.0939,TRAIN/DR6/FKLC1/SX328,1.6866,1.8929,TRAIN/DR6/FRJB0/SA2,0.78,1.0626,AB,FALSE,i166085,k,ae,r,FKLC1,F,DR6,i166180,k,aa,r,FKLC1,F,DR6,i164360,k,ae,r,FRJB0,F,DR6,B2
t00000102457,TRAIN/DR6/FHXS0/SA2,0.8175,1.1932,TRAIN/DR6/FHXS0/SI1075,2.6834,3.105,TRAIN/DR1/FSMA0/SA2,0.8575,1.1694,AB,FALSE,i161180,k,ae,r,FHXS0,F,DR6,i161023,k,aa,r,FHXS0,F,DR6,i174735,k,ae,r,FSMA0,F,DR1,B3
t00000095506,TRAIN/DR4/MSFH0/SA2,2.3159,2.7325,TRAIN/DR4/MSFH0/SX136,1.0679,1.3025,TEST/DR4/MKCL0/SA2,1.6318,1.9875,BA,FALSE,i64557,r,ae,g,MSFH0,M,DR4,i64411,r,aa,g,MSFH0,M,DR4,i3345,r,ae,g,MKCL0,M,DR4,B1
t00000091237,TRAIN/DR2/MMAG0/SA2,1.5822,1.9895,TRAIN/DR2/MMAG0/SX136,1.0075,1.2325,TRAIN/DR4/FPAF0/SA2,1.6073,1.9256,BA,FALSE,i109725,r,ae,g,MMAG0,M,DR2,i109578,r,aa,g,MMAG0,M,DR2,i65663,r,ae,g,FPAF0,F,DR4,B2
t00000105479,TRAIN/DR7/MTML0/SX75,0.6206,0.8334,TRAIN/DR7/MTML0/SX435,1.5925,1.8589,TRAIN/DR6/MTJU0/SI760,0.4475,0.721,BA,FALSE,i146038,k,ae,n,MTML0,M,DR7,i145924,k,aa,n,MTML0,M,DR7,i156382,k,ae,n,MTJU0,M,DR6,B3
t00000089910,TEST/DR8/MSLB0/SA2,1.5561,1.9475,TEST/DR8/MSLB0/SX383,2.1625,2.4337,TRAIN/DR2/MHRM0/SA2,1.4313,1.6894,AB,FALSE,i47796,r,ae,g,MSLB0,M,DR8,i47688,r,ah,g,MSLB0,M,DR8,i94235,r,ae,g,MHRM0,M,DR2,B1
t00000092931,TEST/DR1/MWBT0/SA2,1.6919,2.1152,TEST/DR1/MWBT0/SX383,3.1302,3.5475,TRAIN/DR5/MMAB1/SA2,1.6475,2.0651,AB,FALSE,i43355,r,ae,g,MWBT0,M,DR1,i43317,r,ah,g,MWBT0,M,DR1,i119384,r,ae,g,MMAB1,M,DR5,B2
t00000082910,TRAIN/DR8/FCEG0/SA2,1.5012,1.7803,TRAIN/DR8/FCEG0/SX78,1.0213,1.1904,TEST/DR2/FCMR0/SA2,2.1619,2.5613,AB,FALSE,i178923,r,ae,g,FCEG0,F,DR8,i178846,r,ah,g,FCEG0,F,DR8,i20693,r,ae,g,FCMR0,F,DR2,B3
t00000082998,TRAIN/DR8/FCEG0/SA2,1.5012,1.7803,TRAIN/DR8/FCEG0/SX78,1.0213,1.1904,TRAIN/DR8/FMBG0/SA2,1.6553,1.9425,BA,FALSE,i178923,r,ae,g,FCEG0,F,DR8,i178846,r,ah,g,FCEG0,F,DR8,i179231,r,ae,g,FMBG0,F,DR8,B1
t00000086372,TRAIN/DR2/MJDE0/SA2,2.1825,2.6775,TRAIN/DR2/MJDE0/SI463,1.4025,1.8,TRAIN/DR2/MKDT0/SA2,1.5378,1.8788,BA,FALSE,i94539,r,ae,g,MJDE0,M,DR2,i94406,r,ah,g,MJDE0,M,DR2,i91672,r,ae,g,MKDT0,M,DR2,B2
t00000085583,TRAIN/DR3/MKLS1/SA2,1.6841,2.0469,TRAIN/DR3/MKLS1/SI915,3.8324,4.2038,TRAIN/DR3/FDFB0/SA2,1.4203,1.7486,BA,FALSE,i90614,r,ae,g,MKLS1,M,DR3,i90796,r,ah,g,MKLS1,M,DR3,i80514,r,ae,g,FDFB0,F,DR3,B3
t00000106709,TEST/DR7/FGWR0/SI2208,2.0138,2.2481,TEST/DR7/FGWR0/SX228,1.7363,1.8794,TRAIN/DR5/FLMK0/SA2,2.5712,2.9075,AB,FALSE,i33291,dh,ae,q,FGWR0,F,DR7,i33474,dh,iy,q,FGWR0,F,DR7,i118785,dh,ae,q,FLMK0,F,DR5,B1
t00000051357,TRAIN/DR5/MBGT0/SA2,0.3725,0.6869,TRAIN/DR5/MBGT0/SI1841,3.0417,3.2769,TRAIN/DR4/MJPM1/SA2,0.4225,0.7219,AB,FALSE,i131652,nx,ae,s,MBGT0,M,DR5,i131533,nx,iy,s,MBGT0,M,DR5,i56303,nx,ae,s,MJPM1,M,DR4,B2
t00000093723,TRAIN/DR5/MTAT0/SA2,1.4308,1.765,TRAIN/DR5/MTAT0/SI811,0.8975,1.1122,TRAIN/DR3/FSKC0/SA2,1.8058,2.1256,AB,FALSE,i116140,r,ae,g,MTAT0,M,DR5,i116152,r,iy,g,MTAT0,M,DR5,i85857,r,ae,g,FSKC0,F,DR3,B3
t00000011609,TRAIN/DR4/MJDC0/SA2,1.7963,2.1514,TRAIN/DR4/MJDC0/SI1161,0.2475,0.4308,TRAIN/DR2/MRJH0/SA2,2.0174,2.4288,BA,FALSE,i59207,dh,ae,tcl,MJDC0,M,DR4,i59100,dh,iy,tcl,MJDC0,M,DR4,i100371,dh,ae,tcl,MRJH0,M,DR2,B1
t00000076985,TEST/DR4/MTEB0/SA2,0.295,0.5544,TEST/DR4/MTEB0/SX413,0.445,0.7662,TRAIN/DR5/MGES0/SA2,0.2321,0.4593,BA,FALSE,i3932,n,ae,s,MTEB0,M,DR4,i4038,n,iy,s,MTEB0,M,DR4,i116410,n,ae,s,MGES0,M,DR5,B2
t00000011342,TRAIN/DR4/MJDC0/SA2,1.7963,2.1514,TRAIN/DR4/MJDC0/SI1161,0.2475,0.4308,TRAIN/DR7/FREH0/SX325,1.3354,1.5411,BA,FALSE,i59207,dh,ae,tcl,MJDC0,M,DR4,i59100,dh,iy,tcl,MJDC0,M,DR4,i142821,dh,ae,tcl,FREH0,F,DR7,B3
t00000074840,TRAIN/DR5/MWSH0/SA1,0.3472,0.5681,TRAIN/DR5/MWSH0/SI2266,0.7232,0.9243,TEST/DR2/FJRE0/SA1,0.2976,0.5041,AB,FALSE,i126711,hv,ae,dcl,MWSH0,M,DR5,i126664,hv,uh,dcl,MWSH0,M,DR5,i24198,hv,ae,dcl,FJRE0,F,DR2,B1
t00000076117,TRAIN/DR2/MCTM0/SX450,2.7356,3.0725,TRAIN/DR2/MCTM0/SI1980,3.6629,4.0415,TRAIN/DR6/FLAG0/SX294,1.0809,1.4138,AB,FALSE,i112217,r,ae,f,MCTM0,M,DR2,i112277,r,uh,f,MCTM0,M,DR2,i158168,r,ae,f,FLAG0,F,DR6,B2
t00000075016,TRAIN/DR5/MWSH0/SI2266,0.9243,1.36,TRAIN/DR5/MWSH0/SI2266,0.7232,0.9243,TEST/DR5/MDRB0/SI2109,1.6371,1.9375,AB,FALSE,i126667,hv,ae,dcl,MWSH0,M,DR5,i126664,hv,uh,dcl,MWSH0,M,DR5,i24593,hv,ae,dcl,MDRB0,M,DR5,B3
t00000074991,TRAIN/DR5/MWSH0/SA1,0.3472,0.5681,TRAIN/DR5/MWSH0/SI2266,0.7232,0.9243,TEST/DR2/MDBB0/SA1,0.42,0.6866,BA,FALSE,i126711,hv,ae,dcl,MWSH0,M,DR5,i126664,hv,uh,dcl,MWSH0,M,DR5,i22448,hv,ae,dcl,MDBB0,M,DR2,B1
t00000075034,TRAIN/DR5/MWSH0/SA1,0.3472,0.5681,TRAIN/DR5/MWSH0/SI2266,0.7232,0.9243,TEST/DR5/MFGK0/SA1,0.4075,0.6579,BA,FALSE,i126711,hv,ae,dcl,MWSH0,M,DR5,i126664,hv,uh,dcl,MWSH0,M,DR5,i29041,hv,ae,dcl,MFGK0,M,DR5,B2
t00000074962,TRAIN/DR5/MWSH0/SA1,0.3472,0.5681,TRAIN/DR5/MWSH0/SI2266,0.7232,0.9243,TRAIN/DR7/MBOM0/SA1,0.3358,0.57,BA,FALSE,i126711,hv,ae,dcl,MWSH0,M,DR5,i126664,hv,uh,dcl,MWSH0,M,DR5,i148558,hv,ae,dcl,MBOM0,M,DR7,B3
t00000089319,TRAIN/DR1/FKFB0/SA2,1.9282,2.3363,TRAIN/DR1/FKFB0/SX438,4.0895,4.3806,TRAIN/DR7/MBML0/SA2,1.6025,1.9347,AB,FALSE,i167472,r,ae,g,FKFB0,F,DR1,i167505,r,uw,g,FKFB0,F,DR1,i152943,r,ae,g,MBML0,M,DR7,B1
t00000104098,TEST/DR3/MLNT0/SX102,0.5925,1.0052,TEST/DR3/MLNT0/SI642,0.8041,1.3028,TEST/DR5/MBPM0/SI1584,2.1713,2.4101,AB,FALSE,i16357,t,ae,s,MLNT0,M,DR3,i16400,t,uw,s,MLNT0,M,DR3,i30835,t,ae,s,MBPM0,M,DR5,B2
t00000089322,TRAIN/DR1/FKFB0/SA2,1.9282,2.3363,TRAIN/DR1/FKFB0/SX438,4.0895,4.3806,TRAIN/DR7/MBTH0/SA2,1.6325,1.9641,AB,FALSE,i167472,r,ae,g,FKFB0,F,DR1,i167505,r,uw,g,FKFB0,F,DR1,i139749,r,ae,g,MBTH0,M,DR7,B3
t00000089334,TRAIN/DR1/FKFB0/SA2,1.9282,2.3363,TRAIN/DR1/FKFB0/SX438,4.0895,4.3806,TRAIN/DR1/MCPM0/SA2,1.4201,1.7519,BA,FALSE,i167472,r,ae,g,FKFB0,F,DR1,i167505,r,uw,g,FKFB0,F,DR1,i176392,r,ae,g,MCPM0,M,DR1,B1
t00000089383,TRAIN/DR1/FKFB0/SA2,1.9282,2.3363,TRAIN/DR1/FKFB0/SX438,4.0895,4.3806,TRAIN/DR3/MDWM0/SA2,1.718,2.0987,BA,FALSE,i167472,r,ae,g,FKFB0,F,DR1,i167505,r,uw,g,FKFB0,F,DR1,i75220,r,ae,g,MDWM0,M,DR3,B2
t00000089519,TRAIN/DR1/FKFB0/SA2,1.9282,2.3363,TRAIN/DR1/FKFB0/SX438,4.0895,4.3806,TRAIN/DR2/MRAB0/SA2,1.4178,1.7415,BA,FALSE,i167472,r,ae,g,FKFB0,F,DR1,i167505,r,uw,g,FKFB0,F,DR1,i106936,r,ae,g,MRAB0,M,DR2,B3
t00000099273,TRAIN/DR6/FRJB0/SX167,2.0174,2.2437,TRAIN/DR6/FRJB0/SI1470,0.4308,0.6806,TEST/DR4/MKCL0/SI1721,0.145,0.3075,AB,FALSE,i164323,k,ah,m,FRJB0,F,DR6,i164186,k,aa,m,FRJB0,F,DR6,i3438,k,ah,m,MKCL0,M,DR4,B1
t00000097686,TEST/DR6/MRJS0/SI2074,0.2525,0.4475,TEST/DR6/MRJS0/SX94,0.8775,1.1151,TRAIN/DR4/MSTF0/SX136,1.3625,1.6119,AB,FALSE,i39868,k,ah,m,MRJS0,M,DR6,i39801,k,aa,m,MRJS0,M,DR6,i60574,k,ah,m,MSTF0,M,DR4,B2
t00000103680,TRAIN/DR5/MSEM1/SX90,1.6051,1.8025,TRAIN/DR5/MSEM1/SX180,0.9325,1.201,TRAIN/DR7/MTPR0/SX340,1.7981,1.9622,AB,FALSE,i115399,k,ah,l,MSEM1,M,DR5,i115412,k,aa,l,MSEM1,M,DR5,i152361,k,ah,l,MTPR0,M,DR7,B3
t00000098246,TEST/DR8/MJTH0/SX306,1.2725,1.4969,TEST/DR8/MJTH0/SX36,0.8275,1.0704,TEST/DR8/MDAW1/SI1453,2.2325,2.4675,BA,FALSE,i48103,k,ah,m,MJTH0,M,DR8,i47946,k,aa,m,MJTH0,M,DR8,i47527,k,ah,m,MDAW1,M,DR8,B1
t00000096875,TRAIN/DR4/MMDM0/SX141,2.2125,2.5125,TRAIN/DR4/MMDM0/SX51,1.8275,2.0625,TEST/DR8/MJTH0/SX306,1.2725,1.4969,BA,FALSE,i48890,k,ah,m,MMDM0,M,DR4,i48847,k,aa,m,MMDM0,M,DR4,i48103,k,ah,m,MJTH0,M,DR8,B2
t00000074657,TRAIN/DR1/MWAR0/SI1045,3.36,3.4722,TRAIN/DR1/MWAR0/SI1675,0.2,0.5136,TRAIN/DR4/MSMC0/SI509,1.8525,1.9475,BA,FALSE,i169965,b,ah,dx,MWAR0,M,DR1,i169695,b,aa,dx,MWAR0,M,DR1,i68611,b,ah,dx,MSMC0,M,DR4,B3
t00000001209,TRAIN/DR3/FALK0/SI1086,1.6825,1.9325,TRAIN/DR3/FALK0/SX96,0.1225,0.3968,TEST/DR8/MSLB0/SX113,0.1514,0.389,AB,FALSE,i74192,m,ah,s,FALK0,F,DR3,i74025,m,ae,s,FALK0,F,DR3,i47832,m,ah,s,MSLB0,M,DR8,B1
t00000094110,TRAIN/DR1/FKFB0/SX78,1.2644,1.48,TRAIN/DR1/FKFB0/SA2,1.9282,2.3363,TEST/DR1/MWBT0/SX383,3.1302,3.5475,AB,FALSE,i167354,r,ah,g,FKFB0,F,DR1,i167472,r,ae,g,FKFB0,F,DR1,i43317,r,ah,g,MWBT0,M,DR1,B2
t00000014382,TRAIN/DR7/MRMH0/SI1349,0.7415,0.9725,TRAIN/DR7/MRMH0/SI2281,0.1567,0.4336,TEST/DR4/MLLL0/SI1363,1.7775,2.1044,AB,FALSE,i138195,s,ah,m,MRMH0,M,DR7,i138162,s,ae,m,MRMH0,M,DR7,i2724,s,ah,m,MLLL0,M,DR4,B3
t00000094164,TEST/DR3/MCTW0/SX383,2.5763,2.9625,TEST/DR3/MCTW0/SA2,1.4621,1.8281,TRAIN/DR3/MRTC0/SI828,0.1906,0.3756,BA,FALSE,i10551,r,ah,g,MCTW0,M,DR3,i10594,r,ae,g,MCTW0,M,DR3,i71188,r,ah,g,MRTC0,M,DR3,B1
t00000013853,TEST/DR6/FLNH0/SX134,1.8825,2.0757,TEST/DR6/FLNH0/SI941,2.4425,2.7575,TRAIN/DR8/MEJS0/SI1240,1.4856,1.7232,BA,FALSE,i40058,m,ah,n,FLNH0,F,DR6,i40147,m,ae,n,FLNH0,F,DR6,i178446,m,ah,n,MEJS0,M,DR8,B2
t00000087088,TRAIN/DR8/FCEG0/SX78,1.0213,1.1904,TRAIN/DR8/FCEG0/SA2,1.5012,1.7803,TRAIN/DR3/MRTC0/SI828,0.1906,0.3756,BA,FALSE,i178846,r,ah,g,FCEG0,F,DR8,i178923,r,ae,g,FCEG0,F,DR8,i71188,r,ah,g,MRTC0,M,DR3,B3
t00000050383,TRAIN/DR5/MEWM0/SX88,2.3479,2.4554,TRAIN/DR5/MEWM0/SX178,2.2454,2.4623,TEST/DR3/MJMP0/SI1791,2.1827,2.44,AB,FALSE,i124294,w,ah,n,MEWM0,M,DR5,i124179,w,iy,n,MEWM0,M,DR5,i9706,w,ah,n,MJMP0,M,DR3,B1
t00000022515,TRAIN/DR2/MRJT0/SX58,1.8016,1.9921,TRAIN/DR2/MRJT0/SI868,3.2585,3.48,TRAIN/DR3/MMJB1/SX58,1.6494,1.8302,AB,FALSE,i94835,r,ah,s,MRJT0,M,DR2,i94741,r,iy,s,MRJT0,M,DR2,i81342,r,ah,s,MMJB1,M,DR3,B2
t00000015274,TRAIN/DR1/MRSO0/SX129,0.483,0.8056,TRAIN/DR1/MRSO0/SX219,2.5381,2.7268,TRAIN/DR6/MBMA1/SI2214,1.6473,1.8144,AB,FALSE,i176764,r,ah,k,MRSO0,M,DR1,i176567,r,iy,k,MRSO0,M,DR1,i163871,r,ah,k,MBMA1,M,DR6,B3
t00000096470,TRAIN/DR7/MPAR0/SX136,1.1914,1.3776,TRAIN/DR7/MPAR0/SI2206,0.5992,0.8024,TEST/DR3/MTAA0/SX295,0.5275,0.7681,BA,FALSE,i148695,k,ah,m,MPAR0,M,DR7,i148935,k,iy,m,MPAR0,M,DR7,i12713,k,ah,m,MTAA0,M,DR3,B1
t00000074468,TRAIN/DR8/MKRG0/SX411,0.1331,0.2361,TRAIN/DR8/MKRG0/SX31,1.2306,1.4222,TEST/DR5/FHEW0/SI763,2.3222,2.5778,BA,FALSE,i182966,b,ah,dx,MKRG0,M,DR8,i182822,b,iy,dx,MKRG0,M,DR8,i31577,b,ah,dx,FHEW0,F,DR5,B2
t00000050535,TRAIN/DR2/MRJM1/SX398,2.7911,2.9925,TRAIN/DR2/MRJM1/SI1298,0.2976,0.4595,TRAIN/DR4/MRAB1/SX398,2.4471,2.6381,BA,FALSE,i112025,w,ah,n,MRJM1,M,DR2,i111894,w,iy,n,MRJM1,M,DR2,i62392,w,ah,n,MRAB1,M,DR4,B3
t00000074711,TRAIN/DR7/MJFR0/SI975,0.1475,0.2518,TRAIN/DR7/MJFR0/SI1605,0.3,0.484,TRAIN/DR7/MTWH1/SX252,0.5706,0.7675,AB,FALSE,i137100,b,ah,dx,MJFR0,M,DR7,i137042,b,uh,dx,MJFR0,M,DR7,i139020,b,ah,dx,MTWH1,M,DR7,B1
t00000103066,TRAIN/DR3/MPRD0/SX171,1.06,1.2369,TRAIN/DR3/MPRD0/SX171,3.1758,3.3544,TEST/DR5/MDWA0/SI1146,0.7154,0.9994,AB,FALSE,i69412,w,ah,z,MPRD0,M,DR3,i69428,w,uh,z,MPRD0,M,DR3,i30154,w,ah,z,MDWA0,M,DR5,B2
t00000101207,TRAIN/DR4/FKLC0/SX445,0.135,0.2425,TRAIN/DR4/FKLC0/SX265,2.1514,2.42,TRAIN/DR7/MTKD0/SI630,0.222,0.3678,AB,FALSE,i67504,w,ah,dx,FKLC0,F,DR4,i67789,w,uh,dx,FKLC0,F,DR4,i155770,w,ah,dx,MTKD0,M,DR7,B3
t00000103083,TRAIN/DR3/MPRD0/SX171,1.06,1.2369,TRAIN/DR3/MPRD0/SX171,3.1758,3.3544,TRAIN/DR7/MRMH0/SI1021,2.6951,2.8912,BA,FALSE,i69412,w,ah,z,MPRD0,M,DR3,i69428,w,uh,z,MPRD0,M,DR3,i138311,w,ah,z,MRMH0,M,DR7,B1
t00000074700,TRAIN/DR7/MJFR0/SI975,0.1475,0.2518,TRAIN/DR7/MJFR0/SI1605,0.3,0.484,TRAIN/DR7/MNTW0/SI1698,0.992,1.1381,BA,FALSE,i137100,b,ah,dx,MJFR0,M,DR7,i137042,b,uh,dx,MJFR0,M,DR7,i146676,b,ah,dx,MNTW0,M,DR7,B2
t00000100597,TRAIN/DR4/MJMM0/SX445,0.1358,0.2428,TRAIN/DR4/MJMM0/SX265,1.715,1.8875,TRAIN/DR3/FDFB0/SI1318,0.2089,0.3238,BA,FALSE,i62921,w,ah,dx,MJMM0,M,DR4,i63145,w,uh,dx,MJMM0,M,DR4,i80598,w,ah,dx,FDFB0,F,DR3,B3
t00000014662,TRAIN/DR1/MRSO0/SI1659,0.1356,0.4621,TRAIN/DR1/MRSO0/SX399,0.3498,0.76,TRAIN/DR3/MMJB1/SI1408,1.6269,1.8919,AB,FALSE,i176519,s,ah,m,MRSO0,M,DR1,i176649,s,uw,m,MRSO0,M,DR1,i81409,s,ah,m,MMJB1,M,DR3,B1
t00000014280,TEST/DR4/MKCL0/SI461,0.9762,1.2297,TEST/DR4/MKCL0/SI1091,1.81,2.0313,TEST/DR5/MDRB0/SI2109,1.9375,2.1575,AB,FALSE,i3252,s,ah,m,MKCL0,M,DR4,i3396,s,uw,m,MKCL0,M,DR4,i24596,s,ah,m,MDRB0,M,DR5,B2
t00000008436,TEST/DR5/MRPP0/SX104,1.2402,1.3825,TEST/DR5/MRPP0/SI554,3.7222,4.1025,TRAIN/DR2/MDLB0/SX136,1.9765,2.1774,AB,FALSE,i32054,r,ah,m,MRPP0,M,DR5,i31939,r,uw,m,MRPP0,M,DR5,i106184,r,ah,m,MDLB0,M,DR2,B3
t00000094079,TRAIN/DR1/MRCG0/SX78,1.3181,1.5613,TRAIN/DR1/MRCG0/SX438,3.3456,3.5421,TRAIN/DR8/MMWS0/SX78,1.0856,1.3054,BA,FALSE,i173398,r,ah,g,MRCG0,M,DR1,i173560,r,uw,g,MRCG0,M,DR1,i179357,r,ah,g,MMWS0,M,DR8,B1
t00000014306,TEST/DR4/MKCL0/SI461,0.9762,1.2297,TEST/DR4/MKCL0/SI1091,1.81,2.0313,TEST/DR2/MMDB1/SI2255,2.156,2.3912,BA,FALSE,i3252,s,ah,m,MKCL0,M,DR4,i3396,s,uw,m,MKCL0,M,DR4,i21431,s,ah,m,MMDB1,M,DR2,B2
t00000008447,TEST/DR5/MRPP0/SX104,1.2402,1.3825,TEST/DR5/MRPP0/SI554,3.7222,4.1025,TRAIN/DR6/MSJK0/SX66,0.9229,1.1294,BA,FALSE,i32054,r,ah,m,MRPP0,M,DR5,i31939,r,uw,m,MRPP0,M,DR5,i158595,r,ah,m,MSJK0,M,DR6,B3
t00000061434,TEST/DR2/FCMR0/SA2,2.0183,2.2898,TEST/DR2/FCMR0/SX205,1.8198,2.0966,TRAIN/DR8/MMEA0/SA2,1.2089,1.3942,AB,FALSE,i20691,l,iy,r,FCMR0,F,DR2,i20646,l,aa,r,FCMR0,F,DR2,i179820,l,iy,r,MMEA0,M,DR8,B1
t00000028598,TRAIN/DR4/FEEH0/SA1,1.6975,1.9225,TRAIN/DR4/FEEH0/SX302,1.3875,1.6225,TEST/DR7/MPAB0/SA1,2.2846,2.5404,AB,FALSE,i50195,r,iy,s,FEEH0,F,DR4,i50225,r,aa,s,FEEH0,F,DR4,i35919,r,iy,s,MPAB0,M,DR7,B2
t00000028948,TRAIN/DR6/MSVS0/SI938,4.0475,4.2974,TRAIN/DR6/MSVS0/SX308,2.5531,2.8583,TRAIN/DR3/FLJD0/SA1,1.4025,1.6256,AB,FALSE,i159016,r,iy,s,MSVS0,M,DR6,i158720,r,aa,s,MSVS0,M,DR6,i89662,r,iy,s,FLJD0,F,DR3,B3
t00000041801,TRAIN/DR2/FJKL0/SI932,3.4244,3.6681,TRAIN/DR2/FJKL0/SX392,1.4619,1.6846,TRAIN/DR3/MJRH1/SA1,1.7076,1.9725,BA,FALSE,i90932,r,iy,s,FJKL0,F,DR2,i90980,r,aa,s,FJKL0,F,DR2,i76563,r,iy,s,MJRH1,M,DR3,B1
t00000057265,TEST/DR7/FSXA0/SA2,1.6175,1.8275,TEST/DR7/FSXA0/SX118,1.9216,2.2075,TEST/DR4/MLLL0/SA2,1.9425,2.2075,BA,FALSE,i37528,l,iy,r,FSXA0,F,DR7,i37456,l,aa,r,FSXA0,F,DR7,i2789,l,iy,r,MLLL0,M,DR4,B2
t00000054226,TEST/DR2/MTAS1/SA2,1.9451,2.1932,TEST/DR2/MTAS1/SX118,2.0444,2.2825,TRAIN/DR2/MTDB0/SA2,1.3551,1.5874,BA,FALSE,i18861,l,iy,r,MTAS1,M,DR2,i18798,l,aa,r,MTAS1,M,DR2,i107539,l,iy,r,MTDB0,M,DR2,B3
t00000048033,TRAIN/DR2/MPPC0/SX422,0.895,1.1181,TRAIN/DR2/MPPC0/SI1412,4.2287,4.525,TRAIN/DR2/MRJT0/SX148,0.5381,0.7262,AB,FALSE,i111704,r,iy,s,MPPC0,M,DR2,i111772,r,ae,s,MPPC0,M,DR2,i94923,r,iy,s,MRJT0,M,DR2,B1
t00000006333,TRAIN/DR2/MRJM1/SI1928,0.624,0.812,TRAIN/DR2/MRJM1/SI1298,3.1703,3.3775,TEST/DR3/MJBR0/SA2,0.5577,0.7465,AB,FALSE,i112160,m,iy,dx,MRJM1,M,DR2,i111936,m,ae,dx,MRJM1,M,DR2,i10815,m,iy,dx,MJBR0,M,DR3,B2
t00000005507,TRAIN/DR7/MKAG0/SA2,0.5375,0.6472,TRAIN/DR7/MKAG0/SI979,4.0179,4.2294,TRAIN/DR6/MJRK0/SA2,0.725,0.8425,AB,FALSE,i136268,m,iy,dx,MKAG0,M,DR7,i136216,m,ae,dx,MKAG0,M,DR7,i159517,m,iy,dx,MJRK0,M,DR6,B3
t00000006108,TRAIN/DR2/MRJM1/SI1928,0.624,0.812,TRAIN/DR2/MRJM1/SI1298,3.1703,3.3775,TEST/DR4/FMCM0/SA2,0.5075,0.6025,BA,FALSE,i112160,m,iy,dx,MRJM1,M,DR2,i111936,m,ae,dx,MRJM1,M,DR2,i4227,m,iy,dx,FMCM0,F,DR4,B1
t00000021644,TRAIN/DR2/MRLR0/SA1,1.5222,1.7493,TRAIN/DR2/MRLR0/SI566,0.5125,0.7541,TRAIN/DR5/MJDM0/SA1,1.6902,1.9806,BA,FALSE,i95560,r,iy,s,MRLR0,M,DR2,i95405,r,ae,s,MRLR0,M,DR2,i132522,r,iy,s,MJDM0,M,DR5,B2
t00000049742,TRAIN/DR7/MRPC1/SA1,1.3233,1.5362,TRAIN/DR7/MRPC1/SI2112,1.2624,1.49,TRAIN/DR1/MMRP0/SA1,2.0117,2.2523,BA,FALSE,i136819,r,iy,s,MRPC1,M,DR7,i136847,r,ae,s,MRPC1,M,DR7,i172534,r,iy,s,MMRP0,M,DR1,B3
t00000035729,TRAIN/DR7/MKDB0/SA1,1.6375,1.8762,TRAIN/DR7/MKDB0/SI872,1.8981,2.1975,TRAIN/DR2/FCYL0/SA1,1.5138,1.7473,AB,FALSE,i141032,r,iy,s,MKDB0,M,DR7,i141065,r,ah,s,MKDB0,M,DR7,i102785,r,iy,s,FCYL0,F,DR2,B1
t00000048324,TRAIN/DR7/FMAH1/SA1,1.6862,1.8975,TRAIN/DR7/FMAH1/SX249,1.6945,1.9325,TRAIN/DR2/FLMA0/SA1,1.3002,1.5366,AB,FALSE,i147153,r,iy,s,FMAH1,F,DR7,i147230,r,ah,s,FMAH1,F,DR7,i96937,r,iy,s,FLMA0,F,DR2,B2
t00000039293,TRAIN/DR2/MRJT0/SX58,3.4047,3.9294,TRAIN/DR2/MRJT0/SX58,1.8016,1.9921,TRAIN/DR7/MTML0/SA1,1.4632,1.7112,AB,FALSE,i94856,r,iy,s,MRJT0,M,DR2,i94835,r,ah,s,MRJT0,M,DR2,i146073,r,iy,s,MTML0,M,DR7,B3
t00000044330,TRAIN/DR4/FSSB0/SA1,1.6831,1.9765,TRAIN/DR4/FSSB0/SI1082,1.4356,1.7125,TRAIN/DR7/FBLV0/SA1,1.5817,1.8106,BA,FALSE,i57753,r,iy,s,FSSB0,F,DR4,i57799,r,ah,s,FSSB0,F,DR4,i136029,r,iy,s,FBLV0,F,DR7,B1
t00000104574,TRAIN/DR7/MAEO0/SA1,1.524,1.8041,TRAIN/DR7/MAEO0/SX246,0.9373,1.2584,TEST/DR6/MCMJ0/SA1,1.8875,2.154,BA,FALSE,i148334,s,iy,w,MAEO0,M,DR7,i148127,s,ah,w,MAEO0,M,DR7,i41094,s,iy,w,MCMJ0,M,DR6,B2
t00000024724,TRAIN/DR2/MRJM0/SX148,0.5675,0.7975,TRAIN/DR2/MRJM0/SX58,1.9662,2.1525,TRAIN/DR2/MDLC2/SA1,1.3663,1.5587,BA,FALSE,i111146,r,iy,s,MRJM0,M,DR2,i111064,r,ah,s,MRJM0,M,DR2,i109264,r,iy,s,MDLC2,M,DR2,B3
t00000015136,TRAIN/DR7/MDLM0/SX244,1.1619,1.3369,TRAIN/DR7/MDLM0/SX424,1.5613,1.6762,TRAIN/DR5/MWSH0/SX346,0.8511,1.1575,AB,FALSE,i137229,r,iy,k,MDLM0,M,DR7,i137357,r,uh,k,MDLM0,M,DR7,i126538,r,iy,k,MWSH0,M,DR5,B1
t00000025789,TEST/DR8/MJTC0/SA1,1.7556,2.0356,TEST/DR8/MJTC0/SI1460,4.1381,4.3581,TRAIN/DR3/MREE0/SA1,1.6225,1.8475,AB,FALSE,i45790,r,iy,s,MJTC0,M,DR8,i45616,r,uh,s,MJTC0,M,DR8,i87601,r,iy,s,MREE0,M,DR3,B2
t00000104906,TRAIN/DR2/MKAJ0/SA1,1.5181,1.8377,TRAIN/DR2/MKAJ0/SI2044,0.5525,0.7975,TRAIN/DR2/FMMH0/SA1,1.7306,1.9712,AB,FALSE,i101967,s,iy,w,MKAJ0,M,DR2,i101785,s,uh,w,MKAJ0,M,DR2,i93048,s,iy,w,FMMH0,F,DR2,B3
t00000025515,TEST/DR8/MJTC0/SA1,1.7556,2.0356,TEST/DR8/MJTC0/SI1460,4.1381,4.3581,TRAIN/DR7/FVKB0/SA1,1.9242,2.1975,BA,FALSE,i45790,r,iy,s,MJTC0,M,DR8,i45616,r,uh,s,MJTC0,M,DR8,i143954,r,iy,s,FVKB0,F,DR7,B1
t00000104821,TRAIN/DR2/MKAJ0/SA1,1.5181,1.8377,TRAIN/DR2/MKAJ0/SI2044,0.5525,0.7975,TRAIN/DR4/FBAS0/SA1,1.9225,2.1958,BA,FALSE,i101967,s,iy,w,MKAJ0,M,DR2,i101785,s,uh,w,MKAJ0,M,DR2,i63762,s,iy,w,FBAS0,F,DR4,B2
t00000015037,TRAIN/DR4/MLJH0/SX244,2.2538,2.4413,TRAIN/DR4/MLJH0/SX424,2.3003,2.4781,TRAIN/DR3/MJRH1/SX244,1.7125,1.9008,BA,FALSE,i60817,r,iy,k,MLJH0,M,DR4,i60899,r,uh,k,MLJH0,M,DR4,i76307,r,iy,k,MJRH1,M,DR3,B3
t00000020237,TRAIN/DR3/MPRD0/SX441,0.4525,0.6344,TRAIN/DR3/MPRD0/SI1431,3.2437,3.6255,TEST/DR4/FLBW0/SX229,0.4325,0.6425,AB,FALSE,i69264,l,uh,k,MPRD0,M,DR3,i69515,l,aa,k,MPRD0,M,DR3,i6919,l,uh,k,FLBW0,F,DR4,B1
t00000100654,TRAIN/DR2/MWSB0/SX186,0.1102,0.2144,TRAIN/DR2/MWSB0/SA1,2.2,2.354,TRAIN/DR7/MGAW0/SX265,1.7825,2.0026,AB,FALSE,i106445,w,uh,dx,MWSB0,M,DR2,i106652,w,aa,dx,MWSB0,M,DR2,i140753,w,uh,dx,MGAW0,M,DR7,B2
t00000100155,TRAIN/DR8/MRDM0/SI1595,1.7076,1.8811,TRAIN/DR8/MRDM0/SX155,0.2054,0.3879,TRAIN/DR6/MCAE0/SA1,2.6746,2.8782,AB,FALSE,i183239,w,uh,dx,MRDM0,M,DR8,i183190,w,aa,dx,MRDM0,M,DR8,i160355,w,uh,dx,MCAE0,M,DR6,B3
t00000100662,TRAIN/DR2/MWSB0/SX186,0.1102,0.2144,TRAIN/DR2/MWSB0/SA1,2.2,2.354,TRAIN/DR5/MRKM0/SA1,2.8728,3.0346,BA,FALSE,i106445,w,uh,dx,MWSB0,M,DR2,i106652,w,aa,dx,MWSB0,M,DR2,i115933,w,uh,dx,MRKM0,M,DR5,B1
t00000100658,TRAIN/DR2/MWSB0/SX186,0.1102,0.2144,TRAIN/DR2/MWSB0/SA1,2.2,2.354,TRAIN/DR4/MNET0/SX186,0.14,0.2725,BA,FALSE,i106445,w,uh,dx,MWSB0,M,DR2,i106652,w,aa,dx,MWSB0,M,DR2,i66928,w,uh,dx,MNET0,M,DR4,B2
t00000105251,TEST/DR4/MJRF0/SX11,0.3658,0.5525,TEST/DR4/MJRF0/SI2081,0.4557,0.6319,TRAIN/DR5/MDWH0/SI665,1.5222,1.8094,BA,FALSE,i2313,w,uh,l,MJRF0,M,DR4,i2111,w,aa,l,MJRF0,M,DR4,i129752,w,uh,l,MDWH0,M,DR5,B3
t00000103774,TRAIN/DR6/MTXS0/SX160,2.1192,2.51,TRAIN/DR6/MTXS0/SI1690,0.6725,0.973,TEST/DR4/FJMG0/SI1181,1.6281,1.9556,AB,FALSE,i164125,b,uh,k,MTXS0,M,DR6,i164174,b,ae,k,MTXS0,M,DR6,i3715,b,uh,k,FJMG0,F,DR4,B1
t00000103866,TEST/DR1/MWBT0/SX293,1.605,1.8726,TEST/DR1/MWBT0/SX113,2.6025,3.1825,TRAIN/DR4/MGAG0/SI645,1.0496,1.275,AB,FALSE,i43219,b,uh,k,MWBT0,M,DR1,i43461,b,ae,k,MWBT0,M,DR1,i60455,b,uh,k,MGAG0,M,DR4,B2
t00000103860,TEST/DR1/MWBT0/SX293,1.605,1.8726,TEST/DR1/MWBT0/SX113,2.6025,3.1825,TRAIN/DR7/MCTH0/SX309,2.5586,2.885,AB,FALSE,i43219,b,uh,k,MWBT0,M,DR1,i43461,b,ae,k,MWBT0,M,DR1,i144675,b,uh,k,MCTH0,M,DR7,B3
t00000103871,TEST/DR1/MWBT0/SI2183,0.1342,0.375,TEST/DR1/MWBT0/SX113,2.6025,3.1825,TRAIN/DR6/MTXS0/SX160,2.1192,2.51,BA,FALSE,i43195,b,uh,k,MWBT0,M,DR1,i43461,b,ae,k,MWBT0,M,DR1,i164125,b,uh,k,MTXS0,M,DR6,B1
t00000103854,TEST/DR1/MWBT0/SI2183,0.1342,0.375,TEST/DR1/MWBT0/SX113,2.6025,3.1825,TEST/DR4/FJMG0/SI1181,1.6281,1.9556,BA,FALSE,i43195,b,uh,k,MWBT0,M,DR1,i43461,b,ae,k,MWBT0,M,DR1,i3715,b,uh,k,FJMG0,F,DR4,B2
t00000075965,TEST/DR3/FPKT0/SI2168,1.3325,1.5913,TEST/DR3/FPKT0/SX368,1.2369,1.5188,TRAIN/DR5/MTDP0/SI1521,0.2376,0.4919,BA,FALSE,i15576,l,uh,kcl,FPKT0,F,DR3,i15721,l,ae,kcl,FPKT0,F,DR3,i125529,l,uh,kcl,MTDP0,M,DR5,B3
t00000101594,TRAIN/DR7/MGAW0/SX265,1.7825,2.0026,TRAIN/DR7/MGAW0/SX445,0.1305,0.2298,TRAIN/DR4/FKLC0/SX265,2.1514,2.42,AB,FALSE,i140753,w,uh,dx,MGAW0,M,DR7,i140453,w,ah,dx,MGAW0,M,DR7,i67789,w,uh,dx,FKLC0,F,DR4,B1
t00000101603,TRAIN/DR7/MGAW0/SX265,1.7825,2.0026,TRAIN/DR7/MGAW0/SX445,0.1305,0.2298,TEST/DR5/MCTT0/SI1144,0.2558,0.389,AB,FALSE,i140753,w,uh,dx,MGAW0,M,DR7,i140453,w,ah,dx,MGAW0,M,DR7,i25208,w,uh,dx,MCTT0,M,DR5,B2
t00000103030,TRAIN/DR3/MPRD0/SX171,3.1758,3.3544,TRAIN/DR3/MPRD0/SX171,1.06,1.2369,TRAIN/DR6/MESJ0/SI2039,2.6503,2.83,AB,FALSE,i69428,w,uh,z,MPRD0,M,DR3,i69412,w,ah,z,MPRD0,M,DR3,i156276,w,uh,z,MESJ0,M,DR6,B3
t00000101386,TRAIN/DR4/FKLC0/SX265,2.1514,2.42,TRAIN/DR4/FKLC0/SX445,0.135,0.2425,TRAIN/DR2/MWSB0/SX186,0.1102,0.2144,BA,FALSE,i67789,w,uh,dx,FKLC0,F,DR4,i67504,w,ah,dx,FKLC0,F,DR4,i106445,w,uh,dx,MWSB0,M,DR2,B1
t00000103029,TRAIN/DR3/MPRD0/SX171,3.1758,3.3544,TRAIN/DR3/MPRD0/SX171,1.06,1.2369,TRAIN/DR5/MEGJ0/SX3,0.436,0.6531,BA,FALSE,i69428,w,uh,z,MPRD0,M,DR3,i69412,w,ah,z,MPRD0,M,DR3,i128169,w,uh,z,MEGJ0,M,DR5,B2
t00000074514,TRAIN/DR7/MJFR0/SI1605,0.3,0.484,TRAIN/DR7/MJFR0/SI975,0.1475,0.2518,TRAIN/DR6/MSVS0/SI2198,0.1331,0.2425,BA,FALSE,i137042,b,uh,dx,MJFR0,M,DR7,i137100,b,ah,dx,MJFR0,M,DR7,i158904,b,uh,dx,MSVS0,M,DR6,B3
t00000099683,TEST/DR2/MTMR0/SX223,0.1425,0.2825,TEST/DR2/MTMR0/SX133,0.1382,0.2558,TRAIN/DR3/MTLB0/SI504,0.4325,0.6814,AB,FALSE,i17453,p,uh,tcl,MTMR0,M,DR2,i17324,p,iy,tcl,MTMR0,M,DR2,i73053,p,uh,tcl,MTLB0,M,DR3,B1
t00000020164,TRAIN/DR8/MBSB0/SX273,1.3263,1.5248,TRAIN/DR8/MBSB0/SI1353,1.2519,1.4194,TEST/DR4/FNMR0/SX229,0.3211,0.5456,AB,FALSE,i177848,l,uh,k,MBSB0,M,DR8,i177706,l,iy,k,MBSB0,M,DR8,i816,l,uh,k,FNMR0,F,DR4,B2
t00000015229,TRAIN/DR7/MDLM0/SX424,1.5613,1.6762,TRAIN/DR7/MDLM0/SX244,1.1619,1.3369,TRAIN/DR3/FDJH0/SI935,0.2112,0.4094,AB,FALSE,i137357,r,uh,k,MDLM0,M,DR7,i137229,r,iy,k,MDLM0,M,DR7,i88825,r,uh,k,FDJH0,F,DR3,B3
t00000099557,TEST/DR7/MRPC0/SX223,0.1305,0.2725,TEST/DR7/MRPC0/SX133,0.1275,0.2765,TRAIN/DR3/MVJH0/SI926,0.4025,0.5744,BA,FALSE,i33941,p,uh,tcl,MRPC0,M,DR7,i33866,p,iy,tcl,MRPC0,M,DR7,i79579,p,uh,tcl,MVJH0,M,DR3,B1
t00000099548,TEST/DR7/MRPC0/SX223,0.1305,0.2725,TEST/DR7/MRPC0/SX133,0.1275,0.2765,TEST/DR6/MJFC0/SX223,0.1381,0.2975,BA,FALSE,i33941,p,uh,tcl,MRPC0,M,DR7,i33866,p,iy,tcl,MRPC0,M,DR7,i39264,p,uh,tcl,MJFC0,M,DR6,B2
t00000099494,TEST/DR6/MJFC0/SX223,0.1381,0.2975,TEST/DR6/MJFC0/SX133,0.1388,0.2756,TRAIN/DR3/MTLB0/SI504,0.4325,0.6814,BA,FALSE,i39264,p,uh,tcl,MJFC0,M,DR6,i39212,p,iy,tcl,MJFC0,M,DR6,i73053,p,uh,tcl,MTLB0,M,DR3,B3
t00000000009,TEST/DR3/MWJG0/SI1124,1.3275,1.6292,TEST/DR3/MWJG0/SI1754,1.4625,1.8675,TRAIN/DR2/MSAT0/SX86,1.5075,1.6825,AB,FALSE,i14632,f,uh,l,MWJG0,M,DR3,i14521,f,uw,l,MWJG0,M,DR3,i109407,f,uh,l,MSAT0,M,DR2,B1
t00000000005,TEST/DR3/MWJG0/SI1124,1.3275,1.6292,TEST/DR3/MWJG0/SI1754,1.4625,1.8675,TRAIN/DR4/MLJC0/SX325,0.2675,0.5878,AB,FALSE,i14632,f,uh,l,MWJG0,M,DR3,i14521,f,uw,l,MWJG0,M,DR3,i54357,f,uh,l,MLJC0,M,DR4,B2
t00000000002,TEST/DR3/MWJG0/SI1124,1.3275,1.6292,TEST/DR3/MWJG0/SI1754,1.4625,1.8675,TEST/DR1/FDAC1/SX124,2.0975,2.3994,AB,FALSE,i14632,f,uh,l,MWJG0,M,DR3,i14521,f,uw,l,MWJG0,M,DR3,i44123,f,uh,l,FDAC1,F,DR1,B3
t00000000006,TEST/DR3/MWJG0/SI1124,1.3275,1.6292,TEST/DR3/MWJG0/SI1754,1.4625,1.8675,TRAIN/DR3/MLNS0/SI777,1.1326,1.3694,BA,FALSE,i14632,f,uh,l,MWJG0,M,DR3,i14521,f,uw,l,MWJG0,M,DR3,i83173,f,uh,l,MLNS0,M,DR3,B1
t00000000004,TEST/DR3/MWJG0/SI1124,1.3275,1.6292,TEST/DR3/MWJG0/SI1754,1.4625,1.8675,TRAIN/DR2/MJMA0/SX325,0.2075,0.4595,BA,FALSE,i14632,f,uh,l,MWJG0,M,DR3,i14521,f,uw,l,MWJG0,M,DR3,i95019,f,uh,l,MJMA0,M,DR2,B2
t00000000007,TEST/DR3/MWJG0/SI1124,1.3275,1.6292,TEST/DR3/MWJG0/SI1754,1.4625,1.8675,TRAIN/DR6/MRMB0/SI2211,0.5248,0.8382,BA,FALSE,i14632,f,uh,l,MWJG0,M,DR3,i14521,f,uw,l,MWJG0,M,DR3,i158068,f,uh,l,MRMB0,M,DR6,B3
t00000076038,TRAIN/DR2/FCAJ0/SX309,0.3202,0.5326,TRAIN/DR2/FCAJ0/SX219,0.5091,0.7023,TRAIN/DR7/MAFM0/SX309,0.3025,0.4782,AB,FALSE,i96459,r,uw,f,FCAJ0,F,DR2,i96493,r,aa,f,FCAJ0,F,DR2,i134332,r,uw,f,MAFM0,M,DR7,B1
t00000076213,TRAIN/DR7/MAFM0/SX309,0.3025,0.4782,TRAIN/DR7/MAFM0/SX219,0.4044,0.5962,TEST/DR7/FTLH0/SX289,0.4875,0.653,AB,FALSE,i134332,r,uw,f,MAFM0,M,DR7,i134365,r,aa,f,MAFM0,M,DR7,i38586,r,uw,f,FTLH0,F,DR7,B2
t00000076043,TRAIN/DR2/FCAJ0/SX309,0.3202,0.5326,TRAIN/DR2/FCAJ0/SX219,0.5091,0.7023,TRAIN/DR3/MHMR0/SX309,0.3325,0.5143,AB,FALSE,i96459,r,uw,f,FCAJ0,F,DR2,i96493,r,aa,f,FCAJ0,F,DR2,i73383,r,uw,f,MHMR0,M,DR3,B3
t00000076246,TRAIN/DR1/MRSO0/SX309,0.415,0.6788,TRAIN/DR1/MRSO0/SX219,0.525,0.7644,TRAIN/DR7/MAFM0/SX309,0.3025,0.4782,BA,FALSE,i176491,r,uw,f,MRSO0,M,DR1,i176548,r,aa,f,MRSO0,M,DR1,i134332,r,uw,f,MAFM0,M,DR7,B1
t00000076044,TRAIN/DR2/FCAJ0/SX309,0.3202,0.5326,TRAIN/DR2/FCAJ0/SX219,0.5091,0.7023,TRAIN/DR2/MJAE0/SX264,2.1566,2.7175,BA,FALSE,i96459,r,uw,f,FCAJ0,F,DR2,i96493,r,aa,f,FCAJ0,F,DR2,i108433,r,uw,f,MJAE0,M,DR2,B2
t00000076042,TRAIN/DR2/FCAJ0/SX309,0.3202,0.5326,TRAIN/DR2/FCAJ0/SX219,0.5091,0.7023,TRAIN/DR7/MGSL0/SX264,2.3133,2.7425,BA,FALSE,i96459,r,uw,f,FCAJ0,F,DR2,i96493,r,aa,f,FCAJ0,F,DR2,i140112,r,uw,f,MGSL0,M,DR7,B3
t00000013296,TRAIN/DR2/FLMA0/SI1873,0.7533,0.9974,TRAIN/DR2/FLMA0/SI1873,2.4275,2.6579,TRAIN/DR6/MRXB0/SX325,0.5525,0.945,AB,FALSE,i96988,m,uw,n,FLMA0,F,DR2,i97014,m,ae,n,FLMA0,F,DR2,i159023,m,uw,n,MRXB0,M,DR6,B1
t00000052670,TRAIN/DR1/MRCG0/SX438,3.5421,3.7441,TRAIN/DR1/MRCG0/SX438,1.7311,1.9679,TRAIN/DR3/MPRD0/SX441,0.8688,1.1075,AB,FALSE,i173563,r,uw,pcl,MRCG0,M,DR1,i173541,r,ae,pcl,MRCG0,M,DR1,i69270,r,uw,pcl,MPRD0,M,DR3,B2
t00000013294,TRAIN/DR2/FLMA0/SI1873,0.7533,0.9974,TRAIN/DR2/FLMA0/SI1873,2.4275,2.6579,TRAIN/DR3/MCEF0/SX325,0.5232,0.8475,AB,FALSE,i96988,m,uw,n,FLMA0,F,DR2,i97014,m,ae,n,FLMA0,F,DR2,i79275,m,uw,n,MCEF0,M,DR3,B3
t00000013293,TRAIN/DR2/FLMA0/SI1873,0.7533,0.9974,TRAIN/DR2/FLMA0/SI1873,2.4275,2.6579,TRAIN/DR7/FREH0/SX325,0.3775,0.6575,BA,FALSE,i96988,m,uw,n,FLMA0,F,DR2,i97014,m,ae,n,FLMA0,F,DR2,i142809,m,uw,n,FREH0,F,DR7,B1
t00000013295,TRAIN/DR2/FLMA0/SI1873,0.7533,0.9974,TRAIN/DR2/FLMA0/SI1873,2.4275,2.6579,TRAIN/DR2/MJMA0/SX325,0.4595,0.7885,BA,FALSE,i96988,m,uw,n,FLMA0,F,DR2,i97014,m,ae,n,FLMA0,F,DR2,i95022,m,uw,n,MJMA0,M,DR2,B2
t00000013297,TRAIN/DR2/FLMA0/SI1873,0.7533,0.9974,TRAIN/DR2/FLMA0/SI1873,2.4275,2.6579,TRAIN/DR6/MSMR0/SX325,0.436,0.7444,BA,FALSE,i96988,m,uw,n,FLMA0,F,DR2,i97014,m,ae,n,FLMA0,F,DR2,i165316,m,uw,n,MSMR0,M,DR6,B3
t00000014247,TEST/DR4/MKCL0/SI1091,1.81,2.0313,TEST/DR4/MKCL0/SI461,0.9762,1.2297,TRAIN/DR1/MRSO0/SX399,0.3498,0.76,AB,FALSE,i3396,s,uw,m,MKCL0,M,DR4,i3252,s,ah,m,MKCL0,M,DR4,i176649,s,uw,m,MRSO0,M,DR1,B1
t00000008306,TEST/DR5/MRPP0/SI554,3.7222,4.1025,TEST/DR5/MRPP0/SX104,1.2402,1.3825,TEST/DR2/MGWT0/SI2169,4.8172,5.1581,AB,FALSE,i31939,r,uw,m,MRPP0,M,DR5,i32054,r,ah,m,MRPP0,M,DR5,i19434,r,uw,m,MGWT0,M,DR2,B2
t00000011709,TRAIN/DR5/FEXM0/SA1,1.6892,2.2089,TRAIN/DR5/FEXM0/SX111,0.4542,0.7806,TEST/DR5/MLIH0/SA1,0.985,1.2793,AB,FALSE,i123967,s,uw,q,FEXM0,F,DR5,i124024,s,ah,q,FEXM0,F,DR5,i31429,s,uw,q,MLIH0,M,DR5,B3
t00000008314,TEST/DR5/MRPP0/SI554,3.7222,4.1025,TEST/DR5/MRPP0/SX104,1.2402,1.3825,TEST/DR2/MPGL0/SI1729,1.6292,1.8375,BA,FALSE,i31939,r,uw,m,MRPP0,M,DR5,i32054,r,ah,m,MRPP0,M,DR5,i20813,r,uw,m,MPGL0,M,DR2,B1
t00000011712,TRAIN/DR5/FEXM0/SA1,1.6892,2.2089,TRAIN/DR5/FEXM0/SX111,0.4542,0.7806,TRAIN/DR5/MWEM0/SA1,1.1411,1.5825,BA,FALSE,i123967,s,uw,q,FEXM0,F,DR5,i124024,s,ah,q,FEXM0,F,DR5,i114966,s,uw,q,MWEM0,M,DR5,B2
t00000014562,TRAIN/DR1/MRSO0/SX399,0.3498,0.76,TRAIN/DR1/MRSO0/SI1659,0.1356,0.4621,TRAIN/DR3/MKLS1/SX375,2.5946,2.8742,BA,FALSE,i176649,s,uw,m,MRSO0,M,DR1,i176519,s,ah,m,MRSO0,M,DR1,i90707,s,uw,m,MKLS1,M,DR3,B3
t00000000011,TEST/DR3/MWJG0/SI1754,1.4625,1.8675,TEST/DR3/MWJG0/SI1124,1.3275,1.6292,TEST/DR1/FAKS0/SI2203,2.5231,2.8612,AB,FALSE,i14521,f,uw,l,MWJG0,M,DR3,i14632,f,uh,l,MWJG0,M,DR3,i42931,f,uw,l,FAKS0,F,DR1,B1
t00000000012,TEST/DR3/MWJG0/SI1754,1.4625,1.8675,TEST/DR3/MWJG0/SI1124,1.3275,1.6292,TRAIN/DR1/FSAH0/SI1874,1.8525,2.1932,AB,FALSE,i14521,f,uw,l,MWJG0,M,DR3,i14632,f,uh,l,MWJG0,M,DR3,i169387,f,uw,l,FSAH0,F,DR1,B2
t00000000015,TEST/DR3/MWJG0/SI1754,1.4625,1.8675,TEST/DR3/MWJG0/SI1124,1.3275,1.6292,TEST/DR3/MMJR0/SI2166,1.857,2.2325,AB,FALSE,i14521,f,uw,l,MWJG0,M,DR3,i14632,f,uh,l,MWJG0,M,DR3,i11783,f,uw,l,MMJR0,M,DR3,B3
t00000000014,TEST/DR3/MWJG0/SI1754,1.4625,1.8675,TEST/DR3/MWJG0/SI1124,1.3275,1.6292,TRAIN/DR7/MJRA0/SI1236,0.8746,1.1436,BA,FALSE,i14521,f,uw,l,MWJG0,M,DR3,i14632,f,uh,l,MWJG0,M,DR3,i142431,f,uw,l,MJRA0,M,DR7,B1
t00000000013,TEST/DR3/MWJG0/SI1754,1.4625,1.8675,TEST/DR3/MWJG0/SI1124,1.3275,1.6292,TRAIN/DR4/MJJJ0/SI533,0.7775,1.0925,BA,FALSE,i14521,f,uw,l,MWJG0,M,DR3,i14632,f,uh,l,MWJG0,M,DR3,i59850,f,uw,l,MJJJ0,M,DR4,B2
t00000000016,TEST/DR3/MWJG0/SI1754,1.4625,1.8675,TEST/DR3/MWJG0/SI1124,1.3275,1.6292,TRAIN/DR4/MTRT0/SI1857,1.6925,1.985,BA,FALSE,i14521,f,uw,l,MWJG0,M,DR3,i14632,f,uh,l,MWJG0,M,DR3,i65224,f,uw,l,MTRT0,M,DR4,B3
