model_name,coef_econ,coef_loc,coef_glob,model_pos_vars,model_neg_vars,data_pos_vars,data_neg_vars,modelcorrect,stanfile,model_data_name,csv_filename,seed
econ_glob_loc,-1,-1,-1,Econ+Glob+Loc,,,Econ+Glob+Loc,no,stan_models/master_pos.stan,econ_-1_loc_-1_glob_-1_mod_econ_glob_loc,econ_-1_loc_-1_glob_-1.csv,2506.085120566655
econ_glob,-1,-1,-1,Econ+Glob,Loc,,Econ+Glob+Loc,no,stan_models/master_model.stan,econ_-1_loc_-1_glob_-1_mod_econ_glob,econ_-1_loc_-1_glob_-1.csv,3155.988600219367
econ_loc,-1,-1,-1,Econ+Loc,Glob,,Econ+Glob+Loc,no,stan_models/master_model.stan,econ_-1_loc_-1_glob_-1_mod_econ_loc,econ_-1_loc_-1_glob_-1.csv,5777.18689707201
glob_loc,-1,-1,-1,Glob+Loc,Econ,,Econ+Glob+Loc,no,stan_models/master_model.stan,econ_-1_loc_-1_glob_-1_mod_glob_loc,econ_-1_loc_-1_glob_-1.csv,8156.165683178464
econ,-1,-1,-1,Econ,Glob+Loc,,Econ+Glob+Loc,no,stan_models/master_model.stan,econ_-1_loc_-1_glob_-1_mod_econ,econ_-1_loc_-1_glob_-1.csv,6323.602271433221
glob,-1,-1,-1,Glob,Econ+Loc,,Econ+Glob+Loc,no,stan_models/master_model.stan,econ_-1_loc_-1_glob_-1_mod_glob,econ_-1_loc_-1_glob_-1.csv,7830.900034055347
loc,-1,-1,-1,Loc,Econ+Glob,,Econ+Glob+Loc,no,stan_models/master_model.stan,econ_-1_loc_-1_glob_-1_mod_loc,econ_-1_loc_-1_glob_-1.csv,2452.4925076356158
none,-1,-1,-1,,Econ+Glob+Loc,,Econ+Glob+Loc,yes,stan_models/master_neg.stan,econ_-1_loc_-1_glob_-1_mod_none,econ_-1_loc_-1_glob_-1.csv,2961.6856470983475
econ_glob_loc,0,-1,-1,Econ+Glob+Loc,,,Econ+Glob+Loc,no,stan_models/master_pos.stan,econ_0_loc_-1_glob_-1_mod_econ_glob_loc,econ_0_loc_-1_glob_-1.csv,8638.481673819711
econ_glob,0,-1,-1,Econ+Glob,Loc,,Econ+Glob+Loc,no,stan_models/master_model.stan,econ_0_loc_-1_glob_-1_mod_econ_glob,econ_0_loc_-1_glob_-1.csv,9542.746231574332
econ_loc,0,-1,-1,Econ+Loc,Glob,,Econ+Glob+Loc,no,stan_models/master_model.stan,econ_0_loc_-1_glob_-1_mod_econ_loc,econ_0_loc_-1_glob_-1.csv,6230.583033564268
glob_loc,0,-1,-1,Glob+Loc,Econ,,Econ+Glob+Loc,no,stan_models/master_model.stan,econ_0_loc_-1_glob_-1_mod_glob_loc,econ_0_loc_-1_glob_-1.csv,1456.1179481430445
econ,0,-1,-1,Econ,Glob+Loc,,Econ+Glob+Loc,no,stan_models/master_model.stan,econ_0_loc_-1_glob_-1_mod_econ,econ_0_loc_-1_glob_-1.csv,4199.244837401668
glob,0,-1,-1,Glob,Econ+Loc,,Econ+Glob+Loc,no,stan_models/master_model.stan,econ_0_loc_-1_glob_-1_mod_glob,econ_0_loc_-1_glob_-1.csv,2774.5473265310284
loc,0,-1,-1,Loc,Econ+Glob,,Econ+Glob+Loc,no,stan_models/master_model.stan,econ_0_loc_-1_glob_-1_mod_loc,econ_0_loc_-1_glob_-1.csv,5321.781637714012
none,0,-1,-1,,Econ+Glob+Loc,,Econ+Glob+Loc,yes,stan_models/master_neg.stan,econ_0_loc_-1_glob_-1_mod_none,econ_0_loc_-1_glob_-1.csv,2622.033695064485
econ_glob_loc,1,-1,-1,Econ+Glob+Loc,,Econ,Glob+Loc,no,stan_models/master_pos.stan,econ_1_loc_-1_glob_-1_mod_econ_glob_loc,econ_1_loc_-1_glob_-1.csv,1313.275371898897
econ_glob,1,-1,-1,Econ+Glob,Loc,Econ,Glob+Loc,no,stan_models/master_model.stan,econ_1_loc_-1_glob_-1_mod_econ_glob,econ_1_loc_-1_glob_-1.csv,2899.5687041925266
econ_loc,1,-1,-1,Econ+Loc,Glob,Econ,Glob+Loc,no,stan_models/master_model.stan,econ_1_loc_-1_glob_-1_mod_econ_loc,econ_1_loc_-1_glob_-1.csv,8514.242787305964
glob_loc,1,-1,-1,Glob+Loc,Econ,Econ,Glob+Loc,no,stan_models/master_model.stan,econ_1_loc_-1_glob_-1_mod_glob_loc,econ_1_loc_-1_glob_-1.csv,9965.289616837865
econ,1,-1,-1,Econ,Glob+Loc,Econ,Glob+Loc,yes,stan_models/master_model.stan,econ_1_loc_-1_glob_-1_mod_econ,econ_1_loc_-1_glob_-1.csv,1319.0536110114772
glob,1,-1,-1,Glob,Econ+Loc,Econ,Glob+Loc,no,stan_models/master_model.stan,econ_1_loc_-1_glob_-1_mod_glob,econ_1_loc_-1_glob_-1.csv,14.284830757882446
loc,1,-1,-1,Loc,Econ+Glob,Econ,Glob+Loc,no,stan_models/master_model.stan,econ_1_loc_-1_glob_-1_mod_loc,econ_1_loc_-1_glob_-1.csv,5232.2849218794145
none,1,-1,-1,,Econ+Glob+Loc,Econ,Glob+Loc,no,stan_models/master_neg.stan,econ_1_loc_-1_glob_-1_mod_none,econ_1_loc_-1_glob_-1.csv,2035.1591951211449
econ_glob_loc,-1,0,-1,Econ+Glob+Loc,,,Econ+Glob+Loc,no,stan_models/master_pos.stan,econ_-1_loc_0_glob_-1_mod_econ_glob_loc,econ_-1_loc_0_glob_-1.csv,8328.031582474941
econ_glob,-1,0,-1,Econ+Glob,Loc,,Econ+Glob+Loc,no,stan_models/master_model.stan,econ_-1_loc_0_glob_-1_mod_econ_glob,econ_-1_loc_0_glob_-1.csv,803.919441889273
econ_loc,-1,0,-1,Econ+Loc,Glob,,Econ+Glob+Loc,no,stan_models/master_model.stan,econ_-1_loc_0_glob_-1_mod_econ_loc,econ_-1_loc_0_glob_-1.csv,1689.782707976643
glob_loc,-1,0,-1,Glob+Loc,Econ,,Econ+Glob+Loc,no,stan_models/master_model.stan,econ_-1_loc_0_glob_-1_mod_glob_loc,econ_-1_loc_0_glob_-1.csv,1187.394122579135
econ,-1,0,-1,Econ,Glob+Loc,,Econ+Glob+Loc,no,stan_models/master_model.stan,econ_-1_loc_0_glob_-1_mod_econ,econ_-1_loc_0_glob_-1.csv,7820.17990696081
glob,-1,0,-1,Glob,Econ+Loc,,Econ+Glob+Loc,no,stan_models/master_model.stan,econ_-1_loc_0_glob_-1_mod_glob,econ_-1_loc_0_glob_-1.csv,6117.561795115005
loc,-1,0,-1,Loc,Econ+Glob,,Econ+Glob+Loc,no,stan_models/master_model.stan,econ_-1_loc_0_glob_-1_mod_loc,econ_-1_loc_0_glob_-1.csv,5332.235179428011
none,-1,0,-1,,Econ+Glob+Loc,,Econ+Glob+Loc,yes,stan_models/master_neg.stan,econ_-1_loc_0_glob_-1_mod_none,econ_-1_loc_0_glob_-1.csv,3209.330209566513
econ_glob_loc,0,0,-1,Econ+Glob+Loc,,,Econ+Glob+Loc,no,stan_models/master_pos.stan,econ_0_loc_0_glob_-1_mod_econ_glob_loc,econ_0_loc_0_glob_-1.csv,4385.4615364864
econ_glob,0,0,-1,Econ+Glob,Loc,,Econ+Glob+Loc,no,stan_models/master_model.stan,econ_0_loc_0_glob_-1_mod_econ_glob,econ_0_loc_0_glob_-1.csv,3747.9780990418512
econ_loc,0,0,-1,Econ+Loc,Glob,,Econ+Glob+Loc,no,stan_models/master_model.stan,econ_0_loc_0_glob_-1_mod_econ_loc,econ_0_loc_0_glob_-1.csv,6917.590451711323
glob_loc,0,0,-1,Glob+Loc,Econ,,Econ+Glob+Loc,no,stan_models/master_model.stan,econ_0_loc_0_glob_-1_mod_glob_loc,econ_0_loc_0_glob_-1.csv,6963.59874560358
econ,0,0,-1,Econ,Glob+Loc,,Econ+Glob+Loc,no,stan_models/master_model.stan,econ_0_loc_0_glob_-1_mod_econ,econ_0_loc_0_glob_-1.csv,4696.127682374092
glob,0,0,-1,Glob,Econ+Loc,,Econ+Glob+Loc,no,stan_models/master_model.stan,econ_0_loc_0_glob_-1_mod_glob,econ_0_loc_0_glob_-1.csv,8949.794970624149
loc,0,0,-1,Loc,Econ+Glob,,Econ+Glob+Loc,no,stan_models/master_model.stan,econ_0_loc_0_glob_-1_mod_loc,econ_0_loc_0_glob_-1.csv,746.9399474763777
none,0,0,-1,,Econ+Glob+Loc,,Econ+Glob+Loc,yes,stan_models/master_neg.stan,econ_0_loc_0_glob_-1_mod_none,econ_0_loc_0_glob_-1.csv,6573.707386535825
econ_glob_loc,1,0,-1,Econ+Glob+Loc,,Econ,Glob+Loc,no,stan_models/master_pos.stan,econ_1_loc_0_glob_-1_mod_econ_glob_loc,econ_1_loc_0_glob_-1.csv,7696.895267553162
econ_glob,1,0,-1,Econ+Glob,Loc,Econ,Glob+Loc,no,stan_models/master_model.stan,econ_1_loc_0_glob_-1_mod_econ_glob,econ_1_loc_0_glob_-1.csv,876.7316643600352
econ_loc,1,0,-1,Econ+Loc,Glob,Econ,Glob+Loc,no,stan_models/master_model.stan,econ_1_loc_0_glob_-1_mod_econ_loc,econ_1_loc_0_glob_-1.csv,8690.455055684084
glob_loc,1,0,-1,Glob+Loc,Econ,Econ,Glob+Loc,no,stan_models/master_model.stan,econ_1_loc_0_glob_-1_mod_glob_loc,econ_1_loc_0_glob_-1.csv,9807.275208399165
econ,1,0,-1,Econ,Glob+Loc,Econ,Glob+Loc,yes,stan_models/master_model.stan,econ_1_loc_0_glob_-1_mod_econ,econ_1_loc_0_glob_-1.csv,8722.8199559059
glob,1,0,-1,Glob,Econ+Loc,Econ,Glob+Loc,no,stan_models/master_model.stan,econ_1_loc_0_glob_-1_mod_glob,econ_1_loc_0_glob_-1.csv,4415.803778422531
loc,1,0,-1,Loc,Econ+Glob,Econ,Glob+Loc,no,stan_models/master_model.stan,econ_1_loc_0_glob_-1_mod_loc,econ_1_loc_0_glob_-1.csv,1962.4540291151498
none,1,0,-1,,Econ+Glob+Loc,Econ,Glob+Loc,no,stan_models/master_neg.stan,econ_1_loc_0_glob_-1_mod_none,econ_1_loc_0_glob_-1.csv,4602.220426436979
econ_glob_loc,-1,1,-1,Econ+Glob+Loc,,Loc,Econ+Glob,no,stan_models/master_pos.stan,econ_-1_loc_1_glob_-1_mod_econ_glob_loc,econ_-1_loc_1_glob_-1.csv,6613.044427201385
econ_glob,-1,1,-1,Econ+Glob,Loc,Loc,Econ+Glob,no,stan_models/master_model.stan,econ_-1_loc_1_glob_-1_mod_econ_glob,econ_-1_loc_1_glob_-1.csv,1032.895466136746
econ_loc,-1,1,-1,Econ+Loc,Glob,Loc,Econ+Glob,no,stan_models/master_model.stan,econ_-1_loc_1_glob_-1_mod_econ_loc,econ_-1_loc_1_glob_-1.csv,1413.1155883923639
glob_loc,-1,1,-1,Glob+Loc,Econ,Loc,Econ+Glob,no,stan_models/master_model.stan,econ_-1_loc_1_glob_-1_mod_glob_loc,econ_-1_loc_1_glob_-1.csv,3473.071734118741
econ,-1,1,-1,Econ,Glob+Loc,Loc,Econ+Glob,no,stan_models/master_model.stan,econ_-1_loc_1_glob_-1_mod_econ,econ_-1_loc_1_glob_-1.csv,8136.292182948906
glob,-1,1,-1,Glob,Econ+Loc,Loc,Econ+Glob,no,stan_models/master_model.stan,econ_-1_loc_1_glob_-1_mod_glob,econ_-1_loc_1_glob_-1.csv,569.5373024705332
loc,-1,1,-1,Loc,Econ+Glob,Loc,Econ+Glob,yes,stan_models/master_model.stan,econ_-1_loc_1_glob_-1_mod_loc,econ_-1_loc_1_glob_-1.csv,6273.188643011032
none,-1,1,-1,,Econ+Glob+Loc,Loc,Econ+Glob,no,stan_models/master_neg.stan,econ_-1_loc_1_glob_-1_mod_none,econ_-1_loc_1_glob_-1.csv,2782.8832664615475
econ_glob_loc,0,1,-1,Econ+Glob+Loc,,Loc,Econ+Glob,no,stan_models/master_pos.stan,econ_0_loc_1_glob_-1_mod_econ_glob_loc,econ_0_loc_1_glob_-1.csv,3938.9670789621305
econ_glob,0,1,-1,Econ+Glob,Loc,Loc,Econ+Glob,no,stan_models/master_model.stan,econ_0_loc_1_glob_-1_mod_econ_glob,econ_0_loc_1_glob_-1.csv,2980.530883777654
econ_loc,0,1,-1,Econ+Loc,Glob,Loc,Econ+Glob,no,stan_models/master_model.stan,econ_0_loc_1_glob_-1_mod_econ_loc,econ_0_loc_1_glob_-1.csv,1705.9132269136608
glob_loc,0,1,-1,Glob+Loc,Econ,Loc,Econ+Glob,no,stan_models/master_model.stan,econ_0_loc_1_glob_-1_mod_glob_loc,econ_0_loc_1_glob_-1.csv,7893.132705500117
econ,0,1,-1,Econ,Glob+Loc,Loc,Econ+Glob,no,stan_models/master_model.stan,econ_0_loc_1_glob_-1_mod_econ,econ_0_loc_1_glob_-1.csv,7003.138505606446
glob,0,1,-1,Glob,Econ+Loc,Loc,Econ+Glob,no,stan_models/master_model.stan,econ_0_loc_1_glob_-1_mod_glob,econ_0_loc_1_glob_-1.csv,1868.7749080948997
loc,0,1,-1,Loc,Econ+Glob,Loc,Econ+Glob,yes,stan_models/master_model.stan,econ_0_loc_1_glob_-1_mod_loc,econ_0_loc_1_glob_-1.csv,1435.2343107443303
none,0,1,-1,,Econ+Glob+Loc,Loc,Econ+Glob,no,stan_models/master_neg.stan,econ_0_loc_1_glob_-1_mod_none,econ_0_loc_1_glob_-1.csv,3828.5877035197336
econ_glob_loc,1,1,-1,Econ+Glob+Loc,,Econ+Loc,Glob,no,stan_models/master_pos.stan,econ_1_loc_1_glob_-1_mod_econ_glob_loc,econ_1_loc_1_glob_-1.csv,1423.0492805824615
econ_glob,1,1,-1,Econ+Glob,Loc,Econ+Loc,Glob,no,stan_models/master_model.stan,econ_1_loc_1_glob_-1_mod_econ_glob,econ_1_loc_1_glob_-1.csv,9390.93001646176
econ_loc,1,1,-1,Econ+Loc,Glob,Econ+Loc,Glob,yes,stan_models/master_model.stan,econ_1_loc_1_glob_-1_mod_econ_loc,econ_1_loc_1_glob_-1.csv,1946.911812050268
glob_loc,1,1,-1,Glob+Loc,Econ,Econ+Loc,Glob,no,stan_models/master_model.stan,econ_1_loc_1_glob_-1_mod_glob_loc,econ_1_loc_1_glob_-1.csv,4251.0258249351755
econ,1,1,-1,Econ,Glob+Loc,Econ+Loc,Glob,no,stan_models/master_model.stan,econ_1_loc_1_glob_-1_mod_econ,econ_1_loc_1_glob_-1.csv,1203.5099746524356
glob,1,1,-1,Glob,Econ+Loc,Econ+Loc,Glob,no,stan_models/master_model.stan,econ_1_loc_1_glob_-1_mod_glob,econ_1_loc_1_glob_-1.csv,9419.72781436774
loc,1,1,-1,Loc,Econ+Glob,Econ+Loc,Glob,no,stan_models/master_model.stan,econ_1_loc_1_glob_-1_mod_loc,econ_1_loc_1_glob_-1.csv,8014.923583040014
none,1,1,-1,,Econ+Glob+Loc,Econ+Loc,Glob,no,stan_models/master_neg.stan,econ_1_loc_1_glob_-1_mod_none,econ_1_loc_1_glob_-1.csv,7762.610297106439
econ_glob_loc,-1,-1,0,Econ+Glob+Loc,,,Econ+Glob+Loc,no,stan_models/master_pos.stan,econ_-1_loc_-1_glob_0_mod_econ_glob_loc,econ_-1_loc_-1_glob_0.csv,9377.938925734954
econ_glob,-1,-1,0,Econ+Glob,Loc,,Econ+Glob+Loc,no,stan_models/master_model.stan,econ_-1_loc_-1_glob_0_mod_econ_glob,econ_-1_loc_-1_glob_0.csv,2575.8713013241068
econ_loc,-1,-1,0,Econ+Loc,Glob,,Econ+Glob+Loc,no,stan_models/master_model.stan,econ_-1_loc_-1_glob_0_mod_econ_loc,econ_-1_loc_-1_glob_0.csv,7926.565337104024
glob_loc,-1,-1,0,Glob+Loc,Econ,,Econ+Glob+Loc,no,stan_models/master_model.stan,econ_-1_loc_-1_glob_0_mod_glob_loc,econ_-1_loc_-1_glob_0.csv,7722.895475280704
econ,-1,-1,0,Econ,Glob+Loc,,Econ+Glob+Loc,no,stan_models/master_model.stan,econ_-1_loc_-1_glob_0_mod_econ,econ_-1_loc_-1_glob_0.csv,5656.82353140926
glob,-1,-1,0,Glob,Econ+Loc,,Econ+Glob+Loc,no,stan_models/master_model.stan,econ_-1_loc_-1_glob_0_mod_glob,econ_-1_loc_-1_glob_0.csv,2027.5450744121335
loc,-1,-1,0,Loc,Econ+Glob,,Econ+Glob+Loc,no,stan_models/master_model.stan,econ_-1_loc_-1_glob_0_mod_loc,econ_-1_loc_-1_glob_0.csv,4002.7810827633366
none,-1,-1,0,,Econ+Glob+Loc,,Econ+Glob+Loc,yes,stan_models/master_neg.stan,econ_-1_loc_-1_glob_0_mod_none,econ_-1_loc_-1_glob_0.csv,4560.260575718945
econ_glob_loc,0,-1,0,Econ+Glob+Loc,,,Econ+Glob+Loc,no,stan_models/master_pos.stan,econ_0_loc_-1_glob_0_mod_econ_glob_loc,econ_0_loc_-1_glob_0.csv,922.0948886333499
econ_glob,0,-1,0,Econ+Glob,Loc,,Econ+Glob+Loc,no,stan_models/master_model.stan,econ_0_loc_-1_glob_0_mod_econ_glob,econ_0_loc_-1_glob_0.csv,4415.59903598926
econ_loc,0,-1,0,Econ+Loc,Glob,,Econ+Glob+Loc,no,stan_models/master_model.stan,econ_0_loc_-1_glob_0_mod_econ_loc,econ_0_loc_-1_glob_0.csv,4265.062651404645
glob_loc,0,-1,0,Glob+Loc,Econ,,Econ+Glob+Loc,no,stan_models/master_model.stan,econ_0_loc_-1_glob_0_mod_glob_loc,econ_0_loc_-1_glob_0.csv,233.87544044596143
econ,0,-1,0,Econ,Glob+Loc,,Econ+Glob+Loc,no,stan_models/master_model.stan,econ_0_loc_-1_glob_0_mod_econ,econ_0_loc_-1_glob_0.csv,5440.525052935351
glob,0,-1,0,Glob,Econ+Loc,,Econ+Glob+Loc,no,stan_models/master_model.stan,econ_0_loc_-1_glob_0_mod_glob,econ_0_loc_-1_glob_0.csv,8841.779854035703
loc,0,-1,0,Loc,Econ+Glob,,Econ+Glob+Loc,no,stan_models/master_model.stan,econ_0_loc_-1_glob_0_mod_loc,econ_0_loc_-1_glob_0.csv,2052.096752414014
none,0,-1,0,,Econ+Glob+Loc,,Econ+Glob+Loc,yes,stan_models/master_neg.stan,econ_0_loc_-1_glob_0_mod_none,econ_0_loc_-1_glob_0.csv,3812.7045703402255
econ_glob_loc,1,-1,0,Econ+Glob+Loc,,Econ,Glob+Loc,no,stan_models/master_pos.stan,econ_1_loc_-1_glob_0_mod_econ_glob_loc,econ_1_loc_-1_glob_0.csv,4033.0401053803507
econ_glob,1,-1,0,Econ+Glob,Loc,Econ,Glob+Loc,no,stan_models/master_model.stan,econ_1_loc_-1_glob_0_mod_econ_glob,econ_1_loc_-1_glob_0.csv,2663.3918225660454
econ_loc,1,-1,0,Econ+Loc,Glob,Econ,Glob+Loc,no,stan_models/master_model.stan,econ_1_loc_-1_glob_0_mod_econ_loc,econ_1_loc_-1_glob_0.csv,6241.439699847717
glob_loc,1,-1,0,Glob+Loc,Econ,Econ,Glob+Loc,no,stan_models/master_model.stan,econ_1_loc_-1_glob_0_mod_glob_loc,econ_1_loc_-1_glob_0.csv,5098.199017355917
econ,1,-1,0,Econ,Glob+Loc,Econ,Glob+Loc,yes,stan_models/master_model.stan,econ_1_loc_-1_glob_0_mod_econ,econ_1_loc_-1_glob_0.csv,7097.265594549943
glob,1,-1,0,Glob,Econ+Loc,Econ,Glob+Loc,no,stan_models/master_model.stan,econ_1_loc_-1_glob_0_mod_glob,econ_1_loc_-1_glob_0.csv,9415.824507958256
loc,1,-1,0,Loc,Econ+Glob,Econ,Glob+Loc,no,stan_models/master_model.stan,econ_1_loc_-1_glob_0_mod_loc,econ_1_loc_-1_glob_0.csv,2619.547147160163
none,1,-1,0,,Econ+Glob+Loc,Econ,Glob+Loc,no,stan_models/master_neg.stan,econ_1_loc_-1_glob_0_mod_none,econ_1_loc_-1_glob_0.csv,9673.055444299476
econ_glob_loc,-1,0,0,Econ+Glob+Loc,,,Econ+Glob+Loc,no,stan_models/master_pos.stan,econ_-1_loc_0_glob_0_mod_econ_glob_loc,econ_-1_loc_0_glob_0.csv,4965.356832610676
econ_glob,-1,0,0,Econ+Glob,Loc,,Econ+Glob+Loc,no,stan_models/master_model.stan,econ_-1_loc_0_glob_0_mod_econ_glob,econ_-1_loc_0_glob_0.csv,8502.639016593574
econ_loc,-1,0,0,Econ+Loc,Glob,,Econ+Glob+Loc,no,stan_models/master_model.stan,econ_-1_loc_0_glob_0_mod_econ_loc,econ_-1_loc_0_glob_0.csv,1669.3845484231133
glob_loc,-1,0,0,Glob+Loc,Econ,,Econ+Glob+Loc,no,stan_models/master_model.stan,econ_-1_loc_0_glob_0_mod_glob_loc,econ_-1_loc_0_glob_0.csv,5851.733792795334
econ,-1,0,0,Econ,Glob+Loc,,Econ+Glob+Loc,no,stan_models/master_model.stan,econ_-1_loc_0_glob_0_mod_econ,econ_-1_loc_0_glob_0.csv,5701.940010145307
glob,-1,0,0,Glob,Econ+Loc,,Econ+Glob+Loc,no,stan_models/master_model.stan,econ_-1_loc_0_glob_0_mod_glob,econ_-1_loc_0_glob_0.csv,8072.938909570454
loc,-1,0,0,Loc,Econ+Glob,,Econ+Glob+Loc,no,stan_models/master_model.stan,econ_-1_loc_0_glob_0_mod_loc,econ_-1_loc_0_glob_0.csv,4740.3804062251
none,-1,0,0,,Econ+Glob+Loc,,Econ+Glob+Loc,yes,stan_models/master_neg.stan,econ_-1_loc_0_glob_0_mod_none,econ_-1_loc_0_glob_0.csv,6535.691276209662
econ_glob_loc,0,0,0,Econ+Glob+Loc,,,Econ+Glob+Loc,no,stan_models/master_pos.stan,econ_0_loc_0_glob_0_mod_econ_glob_loc,econ_0_loc_0_glob_0.csv,5936.905031680828
econ_glob,0,0,0,Econ+Glob,Loc,,Econ+Glob+Loc,no,stan_models/master_model.stan,econ_0_loc_0_glob_0_mod_econ_glob,econ_0_loc_0_glob_0.csv,2248.0848373812623
econ_loc,0,0,0,Econ+Loc,Glob,,Econ+Glob+Loc,no,stan_models/master_model.stan,econ_0_loc_0_glob_0_mod_econ_loc,econ_0_loc_0_glob_0.csv,242.67767023900524
glob_loc,0,0,0,Glob+Loc,Econ,,Econ+Glob+Loc,no,stan_models/master_model.stan,econ_0_loc_0_glob_0_mod_glob_loc,econ_0_loc_0_glob_0.csv,8607.462074211799
econ,0,0,0,Econ,Glob+Loc,,Econ+Glob+Loc,no,stan_models/master_model.stan,econ_0_loc_0_glob_0_mod_econ,econ_0_loc_0_glob_0.csv,3722.9075888842344
glob,0,0,0,Glob,Econ+Loc,,Econ+Glob+Loc,no,stan_models/master_model.stan,econ_0_loc_0_glob_0_mod_glob,econ_0_loc_0_glob_0.csv,8824.806318693329
loc,0,0,0,Loc,Econ+Glob,,Econ+Glob+Loc,no,stan_models/master_model.stan,econ_0_loc_0_glob_0_mod_loc,econ_0_loc_0_glob_0.csv,749.5493571371771
none,0,0,0,,Econ+Glob+Loc,,Econ+Glob+Loc,yes,stan_models/master_neg.stan,econ_0_loc_0_glob_0_mod_none,econ_0_loc_0_glob_0.csv,8456.409369462868
econ_glob_loc,1,0,0,Econ+Glob+Loc,,Econ,Glob+Loc,no,stan_models/master_pos.stan,econ_1_loc_0_glob_0_mod_econ_glob_loc,econ_1_loc_0_glob_0.csv,5936.825809664093
econ_glob,1,0,0,Econ+Glob,Loc,Econ,Glob+Loc,no,stan_models/master_model.stan,econ_1_loc_0_glob_0_mod_econ_glob,econ_1_loc_0_glob_0.csv,6755.201055182144
econ_loc,1,0,0,Econ+Loc,Glob,Econ,Glob+Loc,no,stan_models/master_model.stan,econ_1_loc_0_glob_0_mod_econ_loc,econ_1_loc_0_glob_0.csv,3998.184152431786
glob_loc,1,0,0,Glob+Loc,Econ,Econ,Glob+Loc,no,stan_models/master_model.stan,econ_1_loc_0_glob_0_mod_glob_loc,econ_1_loc_0_glob_0.csv,9370.780967768282
econ,1,0,0,Econ,Glob+Loc,Econ,Glob+Loc,yes,stan_models/master_model.stan,econ_1_loc_0_glob_0_mod_econ,econ_1_loc_0_glob_0.csv,1022.4666927978396
glob,1,0,0,Glob,Econ+Loc,Econ,Glob+Loc,no,stan_models/master_model.stan,econ_1_loc_0_glob_0_mod_glob,econ_1_loc_0_glob_0.csv,3421.5422344084363
loc,1,0,0,Loc,Econ+Glob,Econ,Glob+Loc,no,stan_models/master_model.stan,econ_1_loc_0_glob_0_mod_loc,econ_1_loc_0_glob_0.csv,4725.623436747119
none,1,0,0,,Econ+Glob+Loc,Econ,Glob+Loc,no,stan_models/master_neg.stan,econ_1_loc_0_glob_0_mod_none,econ_1_loc_0_glob_0.csv,327.883739433717
econ_glob_loc,-1,1,0,Econ+Glob+Loc,,Loc,Econ+Glob,no,stan_models/master_pos.stan,econ_-1_loc_1_glob_0_mod_econ_glob_loc,econ_-1_loc_1_glob_0.csv,7070.248244479764
econ_glob,-1,1,0,Econ+Glob,Loc,Loc,Econ+Glob,no,stan_models/master_model.stan,econ_-1_loc_1_glob_0_mod_econ_glob,econ_-1_loc_1_glob_0.csv,8026.011431688676
econ_loc,-1,1,0,Econ+Loc,Glob,Loc,Econ+Glob,no,stan_models/master_model.stan,econ_-1_loc_1_glob_0_mod_econ_loc,econ_-1_loc_1_glob_0.csv,2874.806936172303
glob_loc,-1,1,0,Glob+Loc,Econ,Loc,Econ+Glob,no,stan_models/master_model.stan,econ_-1_loc_1_glob_0_mod_glob_loc,econ_-1_loc_1_glob_0.csv,5406.838968614116
econ,-1,1,0,Econ,Glob+Loc,Loc,Econ+Glob,no,stan_models/master_model.stan,econ_-1_loc_1_glob_0_mod_econ,econ_-1_loc_1_glob_0.csv,3593.152136403136
glob,-1,1,0,Glob,Econ+Loc,Loc,Econ+Glob,no,stan_models/master_model.stan,econ_-1_loc_1_glob_0_mod_glob,econ_-1_loc_1_glob_0.csv,3293.2357842519414
loc,-1,1,0,Loc,Econ+Glob,Loc,Econ+Glob,yes,stan_models/master_model.stan,econ_-1_loc_1_glob_0_mod_loc,econ_-1_loc_1_glob_0.csv,7024.5088710258715
none,-1,1,0,,Econ+Glob+Loc,Loc,Econ+Glob,no,stan_models/master_neg.stan,econ_-1_loc_1_glob_0_mod_none,econ_-1_loc_1_glob_0.csv,1175.362079446204
econ_glob_loc,0,1,0,Econ+Glob+Loc,,Loc,Econ+Glob,no,stan_models/master_pos.stan,econ_0_loc_1_glob_0_mod_econ_glob_loc,econ_0_loc_1_glob_0.csv,9323.11508081248
econ_glob,0,1,0,Econ+Glob,Loc,Loc,Econ+Glob,no,stan_models/master_model.stan,econ_0_loc_1_glob_0_mod_econ_glob,econ_0_loc_1_glob_0.csv,9789.03781311377
econ_loc,0,1,0,Econ+Loc,Glob,Loc,Econ+Glob,no,stan_models/master_model.stan,econ_0_loc_1_glob_0_mod_econ_loc,econ_0_loc_1_glob_0.csv,1552.2110277325846
glob_loc,0,1,0,Glob+Loc,Econ,Loc,Econ+Glob,no,stan_models/master_model.stan,econ_0_loc_1_glob_0_mod_glob_loc,econ_0_loc_1_glob_0.csv,6042.635479267687
econ,0,1,0,Econ,Glob+Loc,Loc,Econ+Glob,no,stan_models/master_model.stan,econ_0_loc_1_glob_0_mod_econ,econ_0_loc_1_glob_0.csv,5344.1617468581535
glob,0,1,0,Glob,Econ+Loc,Loc,Econ+Glob,no,stan_models/master_model.stan,econ_0_loc_1_glob_0_mod_glob,econ_0_loc_1_glob_0.csv,2734.873134245863
loc,0,1,0,Loc,Econ+Glob,Loc,Econ+Glob,yes,stan_models/master_model.stan,econ_0_loc_1_glob_0_mod_loc,econ_0_loc_1_glob_0.csv,7577.033161746571
none,0,1,0,,Econ+Glob+Loc,Loc,Econ+Glob,no,stan_models/master_neg.stan,econ_0_loc_1_glob_0_mod_none,econ_0_loc_1_glob_0.csv,1475.262591384584
econ_glob_loc,1,1,0,Econ+Glob+Loc,,Econ+Loc,Glob,no,stan_models/master_pos.stan,econ_1_loc_1_glob_0_mod_econ_glob_loc,econ_1_loc_1_glob_0.csv,9392.252730105538
econ_glob,1,1,0,Econ+Glob,Loc,Econ+Loc,Glob,no,stan_models/master_model.stan,econ_1_loc_1_glob_0_mod_econ_glob,econ_1_loc_1_glob_0.csv,7719.516290410189
econ_loc,1,1,0,Econ+Loc,Glob,Econ+Loc,Glob,yes,stan_models/master_model.stan,econ_1_loc_1_glob_0_mod_econ_loc,econ_1_loc_1_glob_0.csv,769.7299419157207
glob_loc,1,1,0,Glob+Loc,Econ,Econ+Loc,Glob,no,stan_models/master_model.stan,econ_1_loc_1_glob_0_mod_glob_loc,econ_1_loc_1_glob_0.csv,1709.5531769806985
econ,1,1,0,Econ,Glob+Loc,Econ+Loc,Glob,no,stan_models/master_model.stan,econ_1_loc_1_glob_0_mod_econ,econ_1_loc_1_glob_0.csv,9518.970882309368
glob,1,1,0,Glob,Econ+Loc,Econ+Loc,Glob,no,stan_models/master_model.stan,econ_1_loc_1_glob_0_mod_glob,econ_1_loc_1_glob_0.csv,2053.5271534305066
loc,1,1,0,Loc,Econ+Glob,Econ+Loc,Glob,no,stan_models/master_model.stan,econ_1_loc_1_glob_0_mod_loc,econ_1_loc_1_glob_0.csv,9467.127425576793
none,1,1,0,,Econ+Glob+Loc,Econ+Loc,Glob,no,stan_models/master_neg.stan,econ_1_loc_1_glob_0_mod_none,econ_1_loc_1_glob_0.csv,1928.3519226966891
econ_glob_loc,-1,-1,1,Econ+Glob+Loc,,Glob,Econ+Loc,no,stan_models/master_pos.stan,econ_-1_loc_-1_glob_1_mod_econ_glob_loc,econ_-1_loc_-1_glob_1.csv,8308.809353852412
econ_glob,-1,-1,1,Econ+Glob,Loc,Glob,Econ+Loc,no,stan_models/master_model.stan,econ_-1_loc_-1_glob_1_mod_econ_glob,econ_-1_loc_-1_glob_1.csv,6028.55170486588
econ_loc,-1,-1,1,Econ+Loc,Glob,Glob,Econ+Loc,no,stan_models/master_model.stan,econ_-1_loc_-1_glob_1_mod_econ_loc,econ_-1_loc_-1_glob_1.csv,6697.548742840998
glob_loc,-1,-1,1,Glob+Loc,Econ,Glob,Econ+Loc,no,stan_models/master_model.stan,econ_-1_loc_-1_glob_1_mod_glob_loc,econ_-1_loc_-1_glob_1.csv,6893.966476120288
econ,-1,-1,1,Econ,Glob+Loc,Glob,Econ+Loc,no,stan_models/master_model.stan,econ_-1_loc_-1_glob_1_mod_econ,econ_-1_loc_-1_glob_1.csv,5918.346017682925
glob,-1,-1,1,Glob,Econ+Loc,Glob,Econ+Loc,yes,stan_models/master_model.stan,econ_-1_loc_-1_glob_1_mod_glob,econ_-1_loc_-1_glob_1.csv,4254.001685021911
loc,-1,-1,1,Loc,Econ+Glob,Glob,Econ+Loc,no,stan_models/master_model.stan,econ_-1_loc_-1_glob_1_mod_loc,econ_-1_loc_-1_glob_1.csv,2742.1982246167026
none,-1,-1,1,,Econ+Glob+Loc,Glob,Econ+Loc,no,stan_models/master_neg.stan,econ_-1_loc_-1_glob_1_mod_none,econ_-1_loc_-1_glob_1.csv,7186.601850239327
econ_glob_loc,0,-1,1,Econ+Glob+Loc,,Glob,Econ+Loc,no,stan_models/master_pos.stan,econ_0_loc_-1_glob_1_mod_econ_glob_loc,econ_0_loc_-1_glob_1.csv,993.6486825568136
econ_glob,0,-1,1,Econ+Glob,Loc,Glob,Econ+Loc,no,stan_models/master_model.stan,econ_0_loc_-1_glob_1_mod_econ_glob,econ_0_loc_-1_glob_1.csv,4904.775759439915
econ_loc,0,-1,1,Econ+Loc,Glob,Glob,Econ+Loc,no,stan_models/master_model.stan,econ_0_loc_-1_glob_1_mod_econ_loc,econ_0_loc_-1_glob_1.csv,2329.274188060779
glob_loc,0,-1,1,Glob+Loc,Econ,Glob,Econ+Loc,no,stan_models/master_model.stan,econ_0_loc_-1_glob_1_mod_glob_loc,econ_0_loc_-1_glob_1.csv,7363.69971781713
econ,0,-1,1,Econ,Glob+Loc,Glob,Econ+Loc,no,stan_models/master_model.stan,econ_0_loc_-1_glob_1_mod_econ,econ_0_loc_-1_glob_1.csv,8972.632697556634
glob,0,-1,1,Glob,Econ+Loc,Glob,Econ+Loc,yes,stan_models/master_model.stan,econ_0_loc_-1_glob_1_mod_glob,econ_0_loc_-1_glob_1.csv,5450.359322414035
loc,0,-1,1,Loc,Econ+Glob,Glob,Econ+Loc,no,stan_models/master_model.stan,econ_0_loc_-1_glob_1_mod_loc,econ_0_loc_-1_glob_1.csv,7123.475715362234
none,0,-1,1,,Econ+Glob+Loc,Glob,Econ+Loc,no,stan_models/master_neg.stan,econ_0_loc_-1_glob_1_mod_none,econ_0_loc_-1_glob_1.csv,113.02526295185089
econ_glob_loc,1,-1,1,Econ+Glob+Loc,,Econ+Glob,Loc,no,stan_models/master_pos.stan,econ_1_loc_-1_glob_1_mod_econ_glob_loc,econ_1_loc_-1_glob_1.csv,1913.8194656530395
econ_glob,1,-1,1,Econ+Glob,Loc,Econ+Glob,Loc,yes,stan_models/master_model.stan,econ_1_loc_-1_glob_1_mod_econ_glob,econ_1_loc_-1_glob_1.csv,7500.3550217284355
econ_loc,1,-1,1,Econ+Loc,Glob,Econ+Glob,Loc,no,stan_models/master_model.stan,econ_1_loc_-1_glob_1_mod_econ_loc,econ_1_loc_-1_glob_1.csv,537.058964534197
glob_loc,1,-1,1,Glob+Loc,Econ,Econ+Glob,Loc,no,stan_models/master_model.stan,econ_1_loc_-1_glob_1_mod_glob_loc,econ_1_loc_-1_glob_1.csv,6144.683882888639
econ,1,-1,1,Econ,Glob+Loc,Econ+Glob,Loc,no,stan_models/master_model.stan,econ_1_loc_-1_glob_1_mod_econ,econ_1_loc_-1_glob_1.csv,2814.135040194029
glob,1,-1,1,Glob,Econ+Loc,Econ+Glob,Loc,no,stan_models/master_model.stan,econ_1_loc_-1_glob_1_mod_glob,econ_1_loc_-1_glob_1.csv,5404.518098067958
loc,1,-1,1,Loc,Econ+Glob,Econ+Glob,Loc,no,stan_models/master_model.stan,econ_1_loc_-1_glob_1_mod_loc,econ_1_loc_-1_glob_1.csv,6198.935282448307
none,1,-1,1,,Econ+Glob+Loc,Econ+Glob,Loc,no,stan_models/master_neg.stan,econ_1_loc_-1_glob_1_mod_none,econ_1_loc_-1_glob_1.csv,7327.9460969353095
econ_glob_loc,-1,0,1,Econ+Glob+Loc,,Glob,Econ+Loc,no,stan_models/master_pos.stan,econ_-1_loc_0_glob_1_mod_econ_glob_loc,econ_-1_loc_0_glob_1.csv,4396.743979495484
econ_glob,-1,0,1,Econ+Glob,Loc,Glob,Econ+Loc,no,stan_models/master_model.stan,econ_-1_loc_0_glob_1_mod_econ_glob,econ_-1_loc_0_glob_1.csv,5917.378137377789
econ_loc,-1,0,1,Econ+Loc,Glob,Glob,Econ+Loc,no,stan_models/master_model.stan,econ_-1_loc_0_glob_1_mod_econ_loc,econ_-1_loc_0_glob_1.csv,858.2647442978341
glob_loc,-1,0,1,Glob+Loc,Econ,Glob,Econ+Loc,no,stan_models/master_model.stan,econ_-1_loc_0_glob_1_mod_glob_loc,econ_-1_loc_0_glob_1.csv,4172.1526933107525
econ,-1,0,1,Econ,Glob+Loc,Glob,Econ+Loc,no,stan_models/master_model.stan,econ_-1_loc_0_glob_1_mod_econ,econ_-1_loc_0_glob_1.csv,7986.004064133624
glob,-1,0,1,Glob,Econ+Loc,Glob,Econ+Loc,yes,stan_models/master_model.stan,econ_-1_loc_0_glob_1_mod_glob,econ_-1_loc_0_glob_1.csv,7378.1477170065045
loc,-1,0,1,Loc,Econ+Glob,Glob,Econ+Loc,no,stan_models/master_model.stan,econ_-1_loc_0_glob_1_mod_loc,econ_-1_loc_0_glob_1.csv,3512.5153190728743
none,-1,0,1,,Econ+Glob+Loc,Glob,Econ+Loc,no,stan_models/master_neg.stan,econ_-1_loc_0_glob_1_mod_none,econ_-1_loc_0_glob_1.csv,5140.29722548835
econ_glob_loc,0,0,1,Econ+Glob+Loc,,Glob,Econ+Loc,no,stan_models/master_pos.stan,econ_0_loc_0_glob_1_mod_econ_glob_loc,econ_0_loc_0_glob_1.csv,970.1029232547153
econ_glob,0,0,1,Econ+Glob,Loc,Glob,Econ+Loc,no,stan_models/master_model.stan,econ_0_loc_0_glob_1_mod_econ_glob,econ_0_loc_0_glob_1.csv,1717.4051942192018
econ_loc,0,0,1,Econ+Loc,Glob,Glob,Econ+Loc,no,stan_models/master_model.stan,econ_0_loc_0_glob_1_mod_econ_loc,econ_0_loc_0_glob_1.csv,3704.3521647758316
glob_loc,0,0,1,Glob+Loc,Econ,Glob,Econ+Loc,no,stan_models/master_model.stan,econ_0_loc_0_glob_1_mod_glob_loc,econ_0_loc_0_glob_1.csv,9786.691643391736
econ,0,0,1,Econ,Glob+Loc,Glob,Econ+Loc,no,stan_models/master_model.stan,econ_0_loc_0_glob_1_mod_econ,econ_0_loc_0_glob_1.csv,510.11498137563467
glob,0,0,1,Glob,Econ+Loc,Glob,Econ+Loc,yes,stan_models/master_model.stan,econ_0_loc_0_glob_1_mod_glob,econ_0_loc_0_glob_1.csv,3242.8301993240602
loc,0,0,1,Loc,Econ+Glob,Glob,Econ+Loc,no,stan_models/master_model.stan,econ_0_loc_0_glob_1_mod_loc,econ_0_loc_0_glob_1.csv,6104.305643895874
none,0,0,1,,Econ+Glob+Loc,Glob,Econ+Loc,no,stan_models/master_neg.stan,econ_0_loc_0_glob_1_mod_none,econ_0_loc_0_glob_1.csv,9101.291960283881
econ_glob_loc,1,0,1,Econ+Glob+Loc,,Econ+Glob,Loc,no,stan_models/master_pos.stan,econ_1_loc_0_glob_1_mod_econ_glob_loc,econ_1_loc_0_glob_1.csv,1590.1196695249528
econ_glob,1,0,1,Econ+Glob,Loc,Econ+Glob,Loc,yes,stan_models/master_model.stan,econ_1_loc_0_glob_1_mod_econ_glob,econ_1_loc_0_glob_1.csv,1624.3857817447279
econ_loc,1,0,1,Econ+Loc,Glob,Econ+Glob,Loc,no,stan_models/master_model.stan,econ_1_loc_0_glob_1_mod_econ_loc,econ_1_loc_0_glob_1.csv,3953.7481882353313
glob_loc,1,0,1,Glob+Loc,Econ,Econ+Glob,Loc,no,stan_models/master_model.stan,econ_1_loc_0_glob_1_mod_glob_loc,econ_1_loc_0_glob_1.csv,5339.823041794822
econ,1,0,1,Econ,Glob+Loc,Econ+Glob,Loc,no,stan_models/master_model.stan,econ_1_loc_0_glob_1_mod_econ,econ_1_loc_0_glob_1.csv,1948.8594551482238
glob,1,0,1,Glob,Econ+Loc,Econ+Glob,Loc,no,stan_models/master_model.stan,econ_1_loc_0_glob_1_mod_glob,econ_1_loc_0_glob_1.csv,2941.2094551736955
loc,1,0,1,Loc,Econ+Glob,Econ+Glob,Loc,no,stan_models/master_model.stan,econ_1_loc_0_glob_1_mod_loc,econ_1_loc_0_glob_1.csv,8423.577913978137
none,1,0,1,,Econ+Glob+Loc,Econ+Glob,Loc,no,stan_models/master_neg.stan,econ_1_loc_0_glob_1_mod_none,econ_1_loc_0_glob_1.csv,4418.149021571269
econ_glob_loc,-1,1,1,Econ+Glob+Loc,,Glob+Loc,Econ,no,stan_models/master_pos.stan,econ_-1_loc_1_glob_1_mod_econ_glob_loc,econ_-1_loc_1_glob_1.csv,6228.465732102282
econ_glob,-1,1,1,Econ+Glob,Loc,Glob+Loc,Econ,no,stan_models/master_model.stan,econ_-1_loc_1_glob_1_mod_econ_glob,econ_-1_loc_1_glob_1.csv,9544.049196169712
econ_loc,-1,1,1,Econ+Loc,Glob,Glob+Loc,Econ,no,stan_models/master_model.stan,econ_-1_loc_1_glob_1_mod_econ_loc,econ_-1_loc_1_glob_1.csv,7854.601026977412
glob_loc,-1,1,1,Glob+Loc,Econ,Glob+Loc,Econ,yes,stan_models/master_model.stan,econ_-1_loc_1_glob_1_mod_glob_loc,econ_-1_loc_1_glob_1.csv,6269.126787804766
econ,-1,1,1,Econ,Glob+Loc,Glob+Loc,Econ,no,stan_models/master_model.stan,econ_-1_loc_1_glob_1_mod_econ,econ_-1_loc_1_glob_1.csv,4421.112947952701
glob,-1,1,1,Glob,Econ+Loc,Glob+Loc,Econ,no,stan_models/master_model.stan,econ_-1_loc_1_glob_1_mod_glob,econ_-1_loc_1_glob_1.csv,3267.8840195219964
loc,-1,1,1,Loc,Econ+Glob,Glob+Loc,Econ,no,stan_models/master_model.stan,econ_-1_loc_1_glob_1_mod_loc,econ_-1_loc_1_glob_1.csv,8332.460665683728
none,-1,1,1,,Econ+Glob+Loc,Glob+Loc,Econ,no,stan_models/master_neg.stan,econ_-1_loc_1_glob_1_mod_none,econ_-1_loc_1_glob_1.csv,2350.5281009103637
econ_glob_loc,0,1,1,Econ+Glob+Loc,,Glob+Loc,Econ,no,stan_models/master_pos.stan,econ_0_loc_1_glob_1_mod_econ_glob_loc,econ_0_loc_1_glob_1.csv,8053.041022769874
econ_glob,0,1,1,Econ+Glob,Loc,Glob+Loc,Econ,no,stan_models/master_model.stan,econ_0_loc_1_glob_1_mod_econ_glob,econ_0_loc_1_glob_1.csv,9585.490147217875
econ_loc,0,1,1,Econ+Loc,Glob,Glob+Loc,Econ,no,stan_models/master_model.stan,econ_0_loc_1_glob_1_mod_econ_loc,econ_0_loc_1_glob_1.csv,2613.1294630544726
glob_loc,0,1,1,Glob+Loc,Econ,Glob+Loc,Econ,yes,stan_models/master_model.stan,econ_0_loc_1_glob_1_mod_glob_loc,econ_0_loc_1_glob_1.csv,1967.554600922158
econ,0,1,1,Econ,Glob+Loc,Glob+Loc,Econ,no,stan_models/master_model.stan,econ_0_loc_1_glob_1_mod_econ,econ_0_loc_1_glob_1.csv,5532.843549961224
glob,0,1,1,Glob,Econ+Loc,Glob+Loc,Econ,no,stan_models/master_model.stan,econ_0_loc_1_glob_1_mod_glob,econ_0_loc_1_glob_1.csv,1511.9072870952077
loc,0,1,1,Loc,Econ+Glob,Glob+Loc,Econ,no,stan_models/master_model.stan,econ_0_loc_1_glob_1_mod_loc,econ_0_loc_1_glob_1.csv,2077.967051306274
none,0,1,1,,Econ+Glob+Loc,Glob+Loc,Econ,no,stan_models/master_neg.stan,econ_0_loc_1_glob_1_mod_none,econ_0_loc_1_glob_1.csv,1282.9844476892613
econ_glob_loc,1,1,1,Econ+Glob+Loc,,Econ+Glob+Loc,,yes,stan_models/master_pos.stan,econ_1_loc_1_glob_1_mod_econ_glob_loc,econ_1_loc_1_glob_1.csv,7654.903186984127
econ_glob,1,1,1,Econ+Glob,Loc,Econ+Glob+Loc,,no,stan_models/master_model.stan,econ_1_loc_1_glob_1_mod_econ_glob,econ_1_loc_1_glob_1.csv,4067.5772984907962
econ_loc,1,1,1,Econ+Loc,Glob,Econ+Glob+Loc,,no,stan_models/master_model.stan,econ_1_loc_1_glob_1_mod_econ_loc,econ_1_loc_1_glob_1.csv,5154.3445026802365
glob_loc,1,1,1,Glob+Loc,Econ,Econ+Glob+Loc,,no,stan_models/master_model.stan,econ_1_loc_1_glob_1_mod_glob_loc,econ_1_loc_1_glob_1.csv,9734.285458675586
econ,1,1,1,Econ,Glob+Loc,Econ+Glob+Loc,,no,stan_models/master_model.stan,econ_1_loc_1_glob_1_mod_econ,econ_1_loc_1_glob_1.csv,7436.525424490217
glob,1,1,1,Glob,Econ+Loc,Econ+Glob+Loc,,no,stan_models/master_model.stan,econ_1_loc_1_glob_1_mod_glob,econ_1_loc_1_glob_1.csv,677.4400638986845
loc,1,1,1,Loc,Econ+Glob,Econ+Glob+Loc,,no,stan_models/master_model.stan,econ_1_loc_1_glob_1_mod_loc,econ_1_loc_1_glob_1.csv,6129.83858629805
none,1,1,1,,Econ+Glob+Loc,Econ+Glob+Loc,,no,stan_models/master_neg.stan,econ_1_loc_1_glob_1_mod_none,econ_1_loc_1_glob_1.csv,3976.739079130348
econ_glob_loc,-1,-1,-1,Econ+Glob+Loc,,,Econ+Glob+Loc,no,stan_models/master_pos.stan,econ_-1_loc_-1_glob_-1_mod_econ_glob_loc,econ_-1_loc_-1_glob_-1.csv,8814.701692354865
econ_glob,-1,-1,-1,Econ+Glob,Loc,,Econ+Glob+Loc,no,stan_models/master_model.stan,econ_-1_loc_-1_glob_-1_mod_econ_glob,econ_-1_loc_-1_glob_-1.csv,9470.32544208737
econ_loc,-1,-1,-1,Econ+Loc,Glob,,Econ+Glob+Loc,no,stan_models/master_model.stan,econ_-1_loc_-1_glob_-1_mod_econ_loc,econ_-1_loc_-1_glob_-1.csv,4080.519844226772
glob_loc,-1,-1,-1,Glob+Loc,Econ,,Econ+Glob+Loc,no,stan_models/master_model.stan,econ_-1_loc_-1_glob_-1_mod_glob_loc,econ_-1_loc_-1_glob_-1.csv,2149.104976785369
econ,-1,-1,-1,Econ,Glob+Loc,,Econ+Glob+Loc,no,stan_models/master_model.stan,econ_-1_loc_-1_glob_-1_mod_econ,econ_-1_loc_-1_glob_-1.csv,4602.251697121654
glob,-1,-1,-1,Glob,Econ+Loc,,Econ+Glob+Loc,no,stan_models/master_model.stan,econ_-1_loc_-1_glob_-1_mod_glob,econ_-1_loc_-1_glob_-1.csv,5766.889529519714
loc,-1,-1,-1,Loc,Econ+Glob,,Econ+Glob+Loc,no,stan_models/master_model.stan,econ_-1_loc_-1_glob_-1_mod_loc,econ_-1_loc_-1_glob_-1.csv,7653.804198885802
none,-1,-1,-1,,Econ+Glob+Loc,,Econ+Glob+Loc,yes,stan_models/master_neg.stan,econ_-1_loc_-1_glob_-1_mod_none,econ_-1_loc_-1_glob_-1.csv,3577.172288061818
econ_glob_loc,0,-1,-1,Econ+Glob+Loc,,,Econ+Glob+Loc,no,stan_models/master_pos.stan,econ_0_loc_-1_glob_-1_mod_econ_glob_loc,econ_0_loc_-1_glob_-1.csv,9730.107604873832
econ_glob,0,-1,-1,Econ+Glob,Loc,,Econ+Glob+Loc,no,stan_models/master_model.stan,econ_0_loc_-1_glob_-1_mod_econ_glob,econ_0_loc_-1_glob_-1.csv,6909.357882905053
econ_loc,0,-1,-1,Econ+Loc,Glob,,Econ+Glob+Loc,no,stan_models/master_model.stan,econ_0_loc_-1_glob_-1_mod_econ_loc,econ_0_loc_-1_glob_-1.csv,5735.084898835747
glob_loc,0,-1,-1,Glob+Loc,Econ,,Econ+Glob+Loc,no,stan_models/master_model.stan,econ_0_loc_-1_glob_-1_mod_glob_loc,econ_0_loc_-1_glob_-1.csv,8654.573905258207
econ,0,-1,-1,Econ,Glob+Loc,,Econ+Glob+Loc,no,stan_models/master_model.stan,econ_0_loc_-1_glob_-1_mod_econ,econ_0_loc_-1_glob_-1.csv,3859.971562836319
glob,0,-1,-1,Glob,Econ+Loc,,Econ+Glob+Loc,no,stan_models/master_model.stan,econ_0_loc_-1_glob_-1_mod_glob,econ_0_loc_-1_glob_-1.csv,5727.074651746545
loc,0,-1,-1,Loc,Econ+Glob,,Econ+Glob+Loc,no,stan_models/master_model.stan,econ_0_loc_-1_glob_-1_mod_loc,econ_0_loc_-1_glob_-1.csv,555.8157716656569
none,0,-1,-1,,Econ+Glob+Loc,,Econ+Glob+Loc,yes,stan_models/master_neg.stan,econ_0_loc_-1_glob_-1_mod_none,econ_0_loc_-1_glob_-1.csv,150.44088626862504
econ_glob_loc,1,-1,-1,Econ+Glob+Loc,,Econ,Glob+Loc,no,stan_models/master_pos.stan,econ_1_loc_-1_glob_-1_mod_econ_glob_loc,econ_1_loc_-1_glob_-1.csv,2311.0862759798765
econ_glob,1,-1,-1,Econ+Glob,Loc,Econ,Glob+Loc,no,stan_models/master_model.stan,econ_1_loc_-1_glob_-1_mod_econ_glob,econ_1_loc_-1_glob_-1.csv,4920.138163083699
econ_loc,1,-1,-1,Econ+Loc,Glob,Econ,Glob+Loc,no,stan_models/master_model.stan,econ_1_loc_-1_glob_-1_mod_econ_loc,econ_1_loc_-1_glob_-1.csv,1415.316023034742
glob_loc,1,-1,-1,Glob+Loc,Econ,Econ,Glob+Loc,no,stan_models/master_model.stan,econ_1_loc_-1_glob_-1_mod_glob_loc,econ_1_loc_-1_glob_-1.csv,8947.613451579819
econ,1,-1,-1,Econ,Glob+Loc,Econ,Glob+Loc,yes,stan_models/master_model.stan,econ_1_loc_-1_glob_-1_mod_econ,econ_1_loc_-1_glob_-1.csv,6331.709657393629
glob,1,-1,-1,Glob,Econ+Loc,Econ,Glob+Loc,no,stan_models/master_model.stan,econ_1_loc_-1_glob_-1_mod_glob,econ_1_loc_-1_glob_-1.csv,2621.3472532494925
loc,1,-1,-1,Loc,Econ+Glob,Econ,Glob+Loc,no,stan_models/master_model.stan,econ_1_loc_-1_glob_-1_mod_loc,econ_1_loc_-1_glob_-1.csv,1146.881490881322
none,1,-1,-1,,Econ+Glob+Loc,Econ,Glob+Loc,no,stan_models/master_neg.stan,econ_1_loc_-1_glob_-1_mod_none,econ_1_loc_-1_glob_-1.csv,5007.458740052069
econ_glob_loc,-1,0,-1,Econ+Glob+Loc,,,Econ+Glob+Loc,no,stan_models/master_pos.stan,econ_-1_loc_0_glob_-1_mod_econ_glob_loc,econ_-1_loc_0_glob_-1.csv,4670.161341133295
econ_glob,-1,0,-1,Econ+Glob,Loc,,Econ+Glob+Loc,no,stan_models/master_model.stan,econ_-1_loc_0_glob_-1_mod_econ_glob,econ_-1_loc_0_glob_-1.csv,717.6383940193336
econ_loc,-1,0,-1,Econ+Loc,Glob,,Econ+Glob+Loc,no,stan_models/master_model.stan,econ_-1_loc_0_glob_-1_mod_econ_loc,econ_-1_loc_0_glob_-1.csv,7446.205489357468
glob_loc,-1,0,-1,Glob+Loc,Econ,,Econ+Glob+Loc,no,stan_models/master_model.stan,econ_-1_loc_0_glob_-1_mod_glob_loc,econ_-1_loc_0_glob_-1.csv,8242.07683507353
econ,-1,0,-1,Econ,Glob+Loc,,Econ+Glob+Loc,no,stan_models/master_model.stan,econ_-1_loc_0_glob_-1_mod_econ,econ_-1_loc_0_glob_-1.csv,7414.651389658451
glob,-1,0,-1,Glob,Econ+Loc,,Econ+Glob+Loc,no,stan_models/master_model.stan,econ_-1_loc_0_glob_-1_mod_glob,econ_-1_loc_0_glob_-1.csv,8028.657005644869
loc,-1,0,-1,Loc,Econ+Glob,,Econ+Glob+Loc,no,stan_models/master_model.stan,econ_-1_loc_0_glob_-1_mod_loc,econ_-1_loc_0_glob_-1.csv,3005.1870783159975
none,-1,0,-1,,Econ+Glob+Loc,,Econ+Glob+Loc,yes,stan_models/master_neg.stan,econ_-1_loc_0_glob_-1_mod_none,econ_-1_loc_0_glob_-1.csv,1417.7953236459289
econ_glob_loc,0,0,-1,Econ+Glob+Loc,,,Econ+Glob+Loc,no,stan_models/master_pos.stan,econ_0_loc_0_glob_-1_mod_econ_glob_loc,econ_0_loc_0_glob_-1.csv,5697.546409106348
econ_glob,0,0,-1,Econ+Glob,Loc,,Econ+Glob+Loc,no,stan_models/master_model.stan,econ_0_loc_0_glob_-1_mod_econ_glob,econ_0_loc_0_glob_-1.csv,5557.155718078604
econ_loc,0,0,-1,Econ+Loc,Glob,,Econ+Glob+Loc,no,stan_models/master_model.stan,econ_0_loc_0_glob_-1_mod_econ_loc,econ_0_loc_0_glob_-1.csv,6176.584839946125
glob_loc,0,0,-1,Glob+Loc,Econ,,Econ+Glob+Loc,no,stan_models/master_model.stan,econ_0_loc_0_glob_-1_mod_glob_loc,econ_0_loc_0_glob_-1.csv,1798.7573470859788
econ,0,0,-1,Econ,Glob+Loc,,Econ+Glob+Loc,no,stan_models/master_model.stan,econ_0_loc_0_glob_-1_mod_econ,econ_0_loc_0_glob_-1.csv,9830.2508736928
glob,0,0,-1,Glob,Econ+Loc,,Econ+Glob+Loc,no,stan_models/master_model.stan,econ_0_loc_0_glob_-1_mod_glob,econ_0_loc_0_glob_-1.csv,8135.35305202473
loc,0,0,-1,Loc,Econ+Glob,,Econ+Glob+Loc,no,stan_models/master_model.stan,econ_0_loc_0_glob_-1_mod_loc,econ_0_loc_0_glob_-1.csv,8554.5249304045
none,0,0,-1,,Econ+Glob+Loc,,Econ+Glob+Loc,yes,stan_models/master_neg.stan,econ_0_loc_0_glob_-1_mod_none,econ_0_loc_0_glob_-1.csv,2547.061695428798
econ_glob_loc,1,0,-1,Econ+Glob+Loc,,Econ,Glob+Loc,no,stan_models/master_pos.stan,econ_1_loc_0_glob_-1_mod_econ_glob_loc,econ_1_loc_0_glob_-1.csv,7634.2457242642995
econ_glob,1,0,-1,Econ+Glob,Loc,Econ,Glob+Loc,no,stan_models/master_model.stan,econ_1_loc_0_glob_-1_mod_econ_glob,econ_1_loc_0_glob_-1.csv,4084.9901878840756
econ_loc,1,0,-1,Econ+Loc,Glob,Econ,Glob+Loc,no,stan_models/master_model.stan,econ_1_loc_0_glob_-1_mod_econ_loc,econ_1_loc_0_glob_-1.csv,3668.8801965669263
glob_loc,1,0,-1,Glob+Loc,Econ,Econ,Glob+Loc,no,stan_models/master_model.stan,econ_1_loc_0_glob_-1_mod_glob_loc,econ_1_loc_0_glob_-1.csv,5244.148952596355
econ,1,0,-1,Econ,Glob+Loc,Econ,Glob+Loc,yes,stan_models/master_model.stan,econ_1_loc_0_glob_-1_mod_econ,econ_1_loc_0_glob_-1.csv,6377.53844982665
glob,1,0,-1,Glob,Econ+Loc,Econ,Glob+Loc,no,stan_models/master_model.stan,econ_1_loc_0_glob_-1_mod_glob,econ_1_loc_0_glob_-1.csv,9003.107926041353
loc,1,0,-1,Loc,Econ+Glob,Econ,Glob+Loc,no,stan_models/master_model.stan,econ_1_loc_0_glob_-1_mod_loc,econ_1_loc_0_glob_-1.csv,8321.026783814654
none,1,0,-1,,Econ+Glob+Loc,Econ,Glob+Loc,no,stan_models/master_neg.stan,econ_1_loc_0_glob_-1_mod_none,econ_1_loc_0_glob_-1.csv,63.81042481539771
econ_glob_loc,-1,1,-1,Econ+Glob+Loc,,Loc,Econ+Glob,no,stan_models/master_pos.stan,econ_-1_loc_1_glob_-1_mod_econ_glob_loc,econ_-1_loc_1_glob_-1.csv,8968.438642690657
econ_glob,-1,1,-1,Econ+Glob,Loc,Loc,Econ+Glob,no,stan_models/master_model.stan,econ_-1_loc_1_glob_-1_mod_econ_glob,econ_-1_loc_1_glob_-1.csv,5600.240093534347
econ_loc,-1,1,-1,Econ+Loc,Glob,Loc,Econ+Glob,no,stan_models/master_model.stan,econ_-1_loc_1_glob_-1_mod_econ_loc,econ_-1_loc_1_glob_-1.csv,7336.881420368329
glob_loc,-1,1,-1,Glob+Loc,Econ,Loc,Econ+Glob,no,stan_models/master_model.stan,econ_-1_loc_1_glob_-1_mod_glob_loc,econ_-1_loc_1_glob_-1.csv,8282.22189421393
econ,-1,1,-1,Econ,Glob+Loc,Loc,Econ+Glob,no,stan_models/master_model.stan,econ_-1_loc_1_glob_-1_mod_econ,econ_-1_loc_1_glob_-1.csv,393.5467528384179
glob,-1,1,-1,Glob,Econ+Loc,Loc,Econ+Glob,no,stan_models/master_model.stan,econ_-1_loc_1_glob_-1_mod_glob,econ_-1_loc_1_glob_-1.csv,5201.316633013776
loc,-1,1,-1,Loc,Econ+Glob,Loc,Econ+Glob,yes,stan_models/master_model.stan,econ_-1_loc_1_glob_-1_mod_loc,econ_-1_loc_1_glob_-1.csv,2542.4835922284983
none,-1,1,-1,,Econ+Glob+Loc,Loc,Econ+Glob,no,stan_models/master_neg.stan,econ_-1_loc_1_glob_-1_mod_none,econ_-1_loc_1_glob_-1.csv,60.73989827162586
econ_glob_loc,0,1,-1,Econ+Glob+Loc,,Loc,Econ+Glob,no,stan_models/master_pos.stan,econ_0_loc_1_glob_-1_mod_econ_glob_loc,econ_0_loc_1_glob_-1.csv,125.13492173072882
econ_glob,0,1,-1,Econ+Glob,Loc,Loc,Econ+Glob,no,stan_models/master_model.stan,econ_0_loc_1_glob_-1_mod_econ_glob,econ_0_loc_1_glob_-1.csv,5648.213558590738
econ_loc,0,1,-1,Econ+Loc,Glob,Loc,Econ+Glob,no,stan_models/master_model.stan,econ_0_loc_1_glob_-1_mod_econ_loc,econ_0_loc_1_glob_-1.csv,4840.3410213731695
glob_loc,0,1,-1,Glob+Loc,Econ,Loc,Econ+Glob,no,stan_models/master_model.stan,econ_0_loc_1_glob_-1_mod_glob_loc,econ_0_loc_1_glob_-1.csv,8960.508241541917
econ,0,1,-1,Econ,Glob+Loc,Loc,Econ+Glob,no,stan_models/master_model.stan,econ_0_loc_1_glob_-1_mod_econ,econ_0_loc_1_glob_-1.csv,7824.1610641516745
glob,0,1,-1,Glob,Econ+Loc,Loc,Econ+Glob,no,stan_models/master_model.stan,econ_0_loc_1_glob_-1_mod_glob,econ_0_loc_1_glob_-1.csv,5627.740502581233
loc,0,1,-1,Loc,Econ+Glob,Loc,Econ+Glob,yes,stan_models/master_model.stan,econ_0_loc_1_glob_-1_mod_loc,econ_0_loc_1_glob_-1.csv,3189.4196324367076
none,0,1,-1,,Econ+Glob+Loc,Loc,Econ+Glob,no,stan_models/master_neg.stan,econ_0_loc_1_glob_-1_mod_none,econ_0_loc_1_glob_-1.csv,5067.263226069743
econ_glob_loc,1,1,-1,Econ+Glob+Loc,,Econ+Loc,Glob,no,stan_models/master_pos.stan,econ_1_loc_1_glob_-1_mod_econ_glob_loc,econ_1_loc_1_glob_-1.csv,2358.5790846315213
econ_glob,1,1,-1,Econ+Glob,Loc,Econ+Loc,Glob,no,stan_models/master_model.stan,econ_1_loc_1_glob_-1_mod_econ_glob,econ_1_loc_1_glob_-1.csv,3623.9708209307864
econ_loc,1,1,-1,Econ+Loc,Glob,Econ+Loc,Glob,yes,stan_models/master_model.stan,econ_1_loc_1_glob_-1_mod_econ_loc,econ_1_loc_1_glob_-1.csv,3320.566118209623
glob_loc,1,1,-1,Glob+Loc,Econ,Econ+Loc,Glob,no,stan_models/master_model.stan,econ_1_loc_1_glob_-1_mod_glob_loc,econ_1_loc_1_glob_-1.csv,6058.022041331278
econ,1,1,-1,Econ,Glob+Loc,Econ+Loc,Glob,no,stan_models/master_model.stan,econ_1_loc_1_glob_-1_mod_econ,econ_1_loc_1_glob_-1.csv,9940.624349796679
glob,1,1,-1,Glob,Econ+Loc,Econ+Loc,Glob,no,stan_models/master_model.stan,econ_1_loc_1_glob_-1_mod_glob,econ_1_loc_1_glob_-1.csv,7625.776865299325
loc,1,1,-1,Loc,Econ+Glob,Econ+Loc,Glob,no,stan_models/master_model.stan,econ_1_loc_1_glob_-1_mod_loc,econ_1_loc_1_glob_-1.csv,1060.219553872943
none,1,1,-1,,Econ+Glob+Loc,Econ+Loc,Glob,no,stan_models/master_neg.stan,econ_1_loc_1_glob_-1_mod_none,econ_1_loc_1_glob_-1.csv,7011.525127699366
econ_glob_loc,-1,-1,0,Econ+Glob+Loc,,,Econ+Glob+Loc,no,stan_models/master_pos.stan,econ_-1_loc_-1_glob_0_mod_econ_glob_loc,econ_-1_loc_-1_glob_0.csv,1904.4961361605674
econ_glob,-1,-1,0,Econ+Glob,Loc,,Econ+Glob+Loc,no,stan_models/master_model.stan,econ_-1_loc_-1_glob_0_mod_econ_glob,econ_-1_loc_-1_glob_0.csv,8297.166788121453
econ_loc,-1,-1,0,Econ+Loc,Glob,,Econ+Glob+Loc,no,stan_models/master_model.stan,econ_-1_loc_-1_glob_0_mod_econ_loc,econ_-1_loc_-1_glob_0.csv,2080.709475452546
glob_loc,-1,-1,0,Glob+Loc,Econ,,Econ+Glob+Loc,no,stan_models/master_model.stan,econ_-1_loc_-1_glob_0_mod_glob_loc,econ_-1_loc_-1_glob_0.csv,7850.087849093834
econ,-1,-1,0,Econ,Glob+Loc,,Econ+Glob+Loc,no,stan_models/master_model.stan,econ_-1_loc_-1_glob_0_mod_econ,econ_-1_loc_-1_glob_0.csv,2881.960587202804
glob,-1,-1,0,Glob,Econ+Loc,,Econ+Glob+Loc,no,stan_models/master_model.stan,econ_-1_loc_-1_glob_0_mod_glob,econ_-1_loc_-1_glob_0.csv,4986.892311994452
loc,-1,-1,0,Loc,Econ+Glob,,Econ+Glob+Loc,no,stan_models/master_model.stan,econ_-1_loc_-1_glob_0_mod_loc,econ_-1_loc_-1_glob_0.csv,7347.913302127505
none,-1,-1,0,,Econ+Glob+Loc,,Econ+Glob+Loc,yes,stan_models/master_neg.stan,econ_-1_loc_-1_glob_0_mod_none,econ_-1_loc_-1_glob_0.csv,2804.4602437573485
econ_glob_loc,0,-1,0,Econ+Glob+Loc,,,Econ+Glob+Loc,no,stan_models/master_pos.stan,econ_0_loc_-1_glob_0_mod_econ_glob_loc,econ_0_loc_-1_glob_0.csv,27.08333159564063
econ_glob,0,-1,0,Econ+Glob,Loc,,Econ+Glob+Loc,no,stan_models/master_model.stan,econ_0_loc_-1_glob_0_mod_econ_glob,econ_0_loc_-1_glob_0.csv,99.12921509332955
econ_loc,0,-1,0,Econ+Loc,Glob,,Econ+Glob+Loc,no,stan_models/master_model.stan,econ_0_loc_-1_glob_0_mod_econ_loc,econ_0_loc_-1_glob_0.csv,9065.496503919363
glob_loc,0,-1,0,Glob+Loc,Econ,,Econ+Glob+Loc,no,stan_models/master_model.stan,econ_0_loc_-1_glob_0_mod_glob_loc,econ_0_loc_-1_glob_0.csv,7232.050149306422
econ,0,-1,0,Econ,Glob+Loc,,Econ+Glob+Loc,no,stan_models/master_model.stan,econ_0_loc_-1_glob_0_mod_econ,econ_0_loc_-1_glob_0.csv,1139.5438335691579
glob,0,-1,0,Glob,Econ+Loc,,Econ+Glob+Loc,no,stan_models/master_model.stan,econ_0_loc_-1_glob_0_mod_glob,econ_0_loc_-1_glob_0.csv,2732.866942424793
loc,0,-1,0,Loc,Econ+Glob,,Econ+Glob+Loc,no,stan_models/master_model.stan,econ_0_loc_-1_glob_0_mod_loc,econ_0_loc_-1_glob_0.csv,3913.507829401875
none,0,-1,0,,Econ+Glob+Loc,,Econ+Glob+Loc,yes,stan_models/master_neg.stan,econ_0_loc_-1_glob_0_mod_none,econ_0_loc_-1_glob_0.csv,2243.8915321549866
econ_glob_loc,1,-1,0,Econ+Glob+Loc,,Econ,Glob+Loc,no,stan_models/master_pos.stan,econ_1_loc_-1_glob_0_mod_econ_glob_loc,econ_1_loc_-1_glob_0.csv,5911.104723993456
econ_glob,1,-1,0,Econ+Glob,Loc,Econ,Glob+Loc,no,stan_models/master_model.stan,econ_1_loc_-1_glob_0_mod_econ_glob,econ_1_loc_-1_glob_0.csv,9997.17553686793
econ_loc,1,-1,0,Econ+Loc,Glob,Econ,Glob+Loc,no,stan_models/master_model.stan,econ_1_loc_-1_glob_0_mod_econ_loc,econ_1_loc_-1_glob_0.csv,5711.277380249696
glob_loc,1,-1,0,Glob+Loc,Econ,Econ,Glob+Loc,no,stan_models/master_model.stan,econ_1_loc_-1_glob_0_mod_glob_loc,econ_1_loc_-1_glob_0.csv,7954.053363127401
econ,1,-1,0,Econ,Glob+Loc,Econ,Glob+Loc,yes,stan_models/master_model.stan,econ_1_loc_-1_glob_0_mod_econ,econ_1_loc_-1_glob_0.csv,7738.3428466268815
glob,1,-1,0,Glob,Econ+Loc,Econ,Glob+Loc,no,stan_models/master_model.stan,econ_1_loc_-1_glob_0_mod_glob,econ_1_loc_-1_glob_0.csv,3243.18927906896
loc,1,-1,0,Loc,Econ+Glob,Econ,Glob+Loc,no,stan_models/master_model.stan,econ_1_loc_-1_glob_0_mod_loc,econ_1_loc_-1_glob_0.csv,7428.437254449353
none,1,-1,0,,Econ+Glob+Loc,Econ,Glob+Loc,no,stan_models/master_neg.stan,econ_1_loc_-1_glob_0_mod_none,econ_1_loc_-1_glob_0.csv,7632.304802314844
econ_glob_loc,-1,0,0,Econ+Glob+Loc,,,Econ+Glob+Loc,no,stan_models/master_pos.stan,econ_-1_loc_0_glob_0_mod_econ_glob_loc,econ_-1_loc_0_glob_0.csv,8912.641721202759
econ_glob,-1,0,0,Econ+Glob,Loc,,Econ+Glob+Loc,no,stan_models/master_model.stan,econ_-1_loc_0_glob_0_mod_econ_glob,econ_-1_loc_0_glob_0.csv,3588.6647442628164
econ_loc,-1,0,0,Econ+Loc,Glob,,Econ+Glob+Loc,no,stan_models/master_model.stan,econ_-1_loc_0_glob_0_mod_econ_loc,econ_-1_loc_0_glob_0.csv,1115.3319495504256
glob_loc,-1,0,0,Glob+Loc,Econ,,Econ+Glob+Loc,no,stan_models/master_model.stan,econ_-1_loc_0_glob_0_mod_glob_loc,econ_-1_loc_0_glob_0.csv,7754.276352335
econ,-1,0,0,Econ,Glob+Loc,,Econ+Glob+Loc,no,stan_models/master_model.stan,econ_-1_loc_0_glob_0_mod_econ,econ_-1_loc_0_glob_0.csv,6429.4977398614865
glob,-1,0,0,Glob,Econ+Loc,,Econ+Glob+Loc,no,stan_models/master_model.stan,econ_-1_loc_0_glob_0_mod_glob,econ_-1_loc_0_glob_0.csv,1185.0083872461691
loc,-1,0,0,Loc,Econ+Glob,,Econ+Glob+Loc,no,stan_models/master_model.stan,econ_-1_loc_0_glob_0_mod_loc,econ_-1_loc_0_glob_0.csv,3124.710200309055
none,-1,0,0,,Econ+Glob+Loc,,Econ+Glob+Loc,yes,stan_models/master_neg.stan,econ_-1_loc_0_glob_0_mod_none,econ_-1_loc_0_glob_0.csv,1414.6261589515489
econ_glob_loc,0,0,0,Econ+Glob+Loc,,,Econ+Glob+Loc,no,stan_models/master_pos.stan,econ_0_loc_0_glob_0_mod_econ_glob_loc,econ_0_loc_0_glob_0.csv,7729.9231356238015
econ_glob,0,0,0,Econ+Glob,Loc,,Econ+Glob+Loc,no,stan_models/master_model.stan,econ_0_loc_0_glob_0_mod_econ_glob,econ_0_loc_0_glob_0.csv,7490.674505214905
econ_loc,0,0,0,Econ+Loc,Glob,,Econ+Glob+Loc,no,stan_models/master_model.stan,econ_0_loc_0_glob_0_mod_econ_loc,econ_0_loc_0_glob_0.csv,3123.8553712582216
glob_loc,0,0,0,Glob+Loc,Econ,,Econ+Glob+Loc,no,stan_models/master_model.stan,econ_0_loc_0_glob_0_mod_glob_loc,econ_0_loc_0_glob_0.csv,1486.516857718816
econ,0,0,0,Econ,Glob+Loc,,Econ+Glob+Loc,no,stan_models/master_model.stan,econ_0_loc_0_glob_0_mod_econ,econ_0_loc_0_glob_0.csv,110.39012574963272
glob,0,0,0,Glob,Econ+Loc,,Econ+Glob+Loc,no,stan_models/master_model.stan,econ_0_loc_0_glob_0_mod_glob,econ_0_loc_0_glob_0.csv,4743.899147467921
loc,0,0,0,Loc,Econ+Glob,,Econ+Glob+Loc,no,stan_models/master_model.stan,econ_0_loc_0_glob_0_mod_loc,econ_0_loc_0_glob_0.csv,946.5925669679418
none,0,0,0,,Econ+Glob+Loc,,Econ+Glob+Loc,yes,stan_models/master_neg.stan,econ_0_loc_0_glob_0_mod_none,econ_0_loc_0_glob_0.csv,5171.039423485752
econ_glob_loc,1,0,0,Econ+Glob+Loc,,Econ,Glob+Loc,no,stan_models/master_pos.stan,econ_1_loc_0_glob_0_mod_econ_glob_loc,econ_1_loc_0_glob_0.csv,9243.156980748987
econ_glob,1,0,0,Econ+Glob,Loc,Econ,Glob+Loc,no,stan_models/master_model.stan,econ_1_loc_0_glob_0_mod_econ_glob,econ_1_loc_0_glob_0.csv,2693.45553610404
econ_loc,1,0,0,Econ+Loc,Glob,Econ,Glob+Loc,no,stan_models/master_model.stan,econ_1_loc_0_glob_0_mod_econ_loc,econ_1_loc_0_glob_0.csv,9245.84885310498
glob_loc,1,0,0,Glob+Loc,Econ,Econ,Glob+Loc,no,stan_models/master_model.stan,econ_1_loc_0_glob_0_mod_glob_loc,econ_1_loc_0_glob_0.csv,8781.855130000506
econ,1,0,0,Econ,Glob+Loc,Econ,Glob+Loc,yes,stan_models/master_model.stan,econ_1_loc_0_glob_0_mod_econ,econ_1_loc_0_glob_0.csv,7269.242130888393
glob,1,0,0,Glob,Econ+Loc,Econ,Glob+Loc,no,stan_models/master_model.stan,econ_1_loc_0_glob_0_mod_glob,econ_1_loc_0_glob_0.csv,2250.8060481208377
loc,1,0,0,Loc,Econ+Glob,Econ,Glob+Loc,no,stan_models/master_model.stan,econ_1_loc_0_glob_0_mod_loc,econ_1_loc_0_glob_0.csv,8965.49251908809
none,1,0,0,,Econ+Glob+Loc,Econ,Glob+Loc,no,stan_models/master_neg.stan,econ_1_loc_0_glob_0_mod_none,econ_1_loc_0_glob_0.csv,180.40351252257824
econ_glob_loc,-1,1,0,Econ+Glob+Loc,,Loc,Econ+Glob,no,stan_models/master_pos.stan,econ_-1_loc_1_glob_0_mod_econ_glob_loc,econ_-1_loc_1_glob_0.csv,1968.907565554371
econ_glob,-1,1,0,Econ+Glob,Loc,Loc,Econ+Glob,no,stan_models/master_model.stan,econ_-1_loc_1_glob_0_mod_econ_glob,econ_-1_loc_1_glob_0.csv,1086.9811860101763
econ_loc,-1,1,0,Econ+Loc,Glob,Loc,Econ+Glob,no,stan_models/master_model.stan,econ_-1_loc_1_glob_0_mod_econ_loc,econ_-1_loc_1_glob_0.csv,6864.288505754201
glob_loc,-1,1,0,Glob+Loc,Econ,Loc,Econ+Glob,no,stan_models/master_model.stan,econ_-1_loc_1_glob_0_mod_glob_loc,econ_-1_loc_1_glob_0.csv,6847.189363856567
econ,-1,1,0,Econ,Glob+Loc,Loc,Econ+Glob,no,stan_models/master_model.stan,econ_-1_loc_1_glob_0_mod_econ,econ_-1_loc_1_glob_0.csv,6128.3954460627865
glob,-1,1,0,Glob,Econ+Loc,Loc,Econ+Glob,no,stan_models/master_model.stan,econ_-1_loc_1_glob_0_mod_glob,econ_-1_loc_1_glob_0.csv,8685.760979497107
loc,-1,1,0,Loc,Econ+Glob,Loc,Econ+Glob,yes,stan_models/master_model.stan,econ_-1_loc_1_glob_0_mod_loc,econ_-1_loc_1_glob_0.csv,3926.7985967474524
none,-1,1,0,,Econ+Glob+Loc,Loc,Econ+Glob,no,stan_models/master_neg.stan,econ_-1_loc_1_glob_0_mod_none,econ_-1_loc_1_glob_0.csv,6114.0319443049375
econ_glob_loc,0,1,0,Econ+Glob+Loc,,Loc,Econ+Glob,no,stan_models/master_pos.stan,econ_0_loc_1_glob_0_mod_econ_glob_loc,econ_0_loc_1_glob_0.csv,677.8137639458291
econ_glob,0,1,0,Econ+Glob,Loc,Loc,Econ+Glob,no,stan_models/master_model.stan,econ_0_loc_1_glob_0_mod_econ_glob,econ_0_loc_1_glob_0.csv,4288.823603862431
econ_loc,0,1,0,Econ+Loc,Glob,Loc,Econ+Glob,no,stan_models/master_model.stan,econ_0_loc_1_glob_0_mod_econ_loc,econ_0_loc_1_glob_0.csv,1826.3764855586924
glob_loc,0,1,0,Glob+Loc,Econ,Loc,Econ+Glob,no,stan_models/master_model.stan,econ_0_loc_1_glob_0_mod_glob_loc,econ_0_loc_1_glob_0.csv,4807.024448894663
econ,0,1,0,Econ,Glob+Loc,Loc,Econ+Glob,no,stan_models/master_model.stan,econ_0_loc_1_glob_0_mod_econ,econ_0_loc_1_glob_0.csv,4675.772203393979
glob,0,1,0,Glob,Econ+Loc,Loc,Econ+Glob,no,stan_models/master_model.stan,econ_0_loc_1_glob_0_mod_glob,econ_0_loc_1_glob_0.csv,8200.729165278608
loc,0,1,0,Loc,Econ+Glob,Loc,Econ+Glob,yes,stan_models/master_model.stan,econ_0_loc_1_glob_0_mod_loc,econ_0_loc_1_glob_0.csv,4499.5973075814545
none,0,1,0,,Econ+Glob+Loc,Loc,Econ+Glob,no,stan_models/master_neg.stan,econ_0_loc_1_glob_0_mod_none,econ_0_loc_1_glob_0.csv,2203.1047395251226
econ_glob_loc,1,1,0,Econ+Glob+Loc,,Econ+Loc,Glob,no,stan_models/master_pos.stan,econ_1_loc_1_glob_0_mod_econ_glob_loc,econ_1_loc_1_glob_0.csv,6608.219201315893
econ_glob,1,1,0,Econ+Glob,Loc,Econ+Loc,Glob,no,stan_models/master_model.stan,econ_1_loc_1_glob_0_mod_econ_glob,econ_1_loc_1_glob_0.csv,8720.288275966654
econ_loc,1,1,0,Econ+Loc,Glob,Econ+Loc,Glob,yes,stan_models/master_model.stan,econ_1_loc_1_glob_0_mod_econ_loc,econ_1_loc_1_glob_0.csv,3239.078061718028
glob_loc,1,1,0,Glob+Loc,Econ,Econ+Loc,Glob,no,stan_models/master_model.stan,econ_1_loc_1_glob_0_mod_glob_loc,econ_1_loc_1_glob_0.csv,7380.8199823265895
econ,1,1,0,Econ,Glob+Loc,Econ+Loc,Glob,no,stan_models/master_model.stan,econ_1_loc_1_glob_0_mod_econ,econ_1_loc_1_glob_0.csv,3765.7933889736887
glob,1,1,0,Glob,Econ+Loc,Econ+Loc,Glob,no,stan_models/master_model.stan,econ_1_loc_1_glob_0_mod_glob,econ_1_loc_1_glob_0.csv,4139.097428469919
loc,1,1,0,Loc,Econ+Glob,Econ+Loc,Glob,no,stan_models/master_model.stan,econ_1_loc_1_glob_0_mod_loc,econ_1_loc_1_glob_0.csv,8520.541499866173
none,1,1,0,,Econ+Glob+Loc,Econ+Loc,Glob,no,stan_models/master_neg.stan,econ_1_loc_1_glob_0_mod_none,econ_1_loc_1_glob_0.csv,546.248271485325
econ_glob_loc,-1,-1,1,Econ+Glob+Loc,,Glob,Econ+Loc,no,stan_models/master_pos.stan,econ_-1_loc_-1_glob_1_mod_econ_glob_loc,econ_-1_loc_-1_glob_1.csv,8567.340817295946
econ_glob,-1,-1,1,Econ+Glob,Loc,Glob,Econ+Loc,no,stan_models/master_model.stan,econ_-1_loc_-1_glob_1_mod_econ_glob,econ_-1_loc_-1_glob_1.csv,6716.302288341336
econ_loc,-1,-1,1,Econ+Loc,Glob,Glob,Econ+Loc,no,stan_models/master_model.stan,econ_-1_loc_-1_glob_1_mod_econ_loc,econ_-1_loc_-1_glob_1.csv,6834.306975542568
glob_loc,-1,-1,1,Glob+Loc,Econ,Glob,Econ+Loc,no,stan_models/master_model.stan,econ_-1_loc_-1_glob_1_mod_glob_loc,econ_-1_loc_-1_glob_1.csv,1780.278404851677
econ,-1,-1,1,Econ,Glob+Loc,Glob,Econ+Loc,no,stan_models/master_model.stan,econ_-1_loc_-1_glob_1_mod_econ,econ_-1_loc_-1_glob_1.csv,4685.62631737208
glob,-1,-1,1,Glob,Econ+Loc,Glob,Econ+Loc,yes,stan_models/master_model.stan,econ_-1_loc_-1_glob_1_mod_glob,econ_-1_loc_-1_glob_1.csv,2896.1791174891405
loc,-1,-1,1,Loc,Econ+Glob,Glob,Econ+Loc,no,stan_models/master_model.stan,econ_-1_loc_-1_glob_1_mod_loc,econ_-1_loc_-1_glob_1.csv,8688.562676397385
none,-1,-1,1,,Econ+Glob+Loc,Glob,Econ+Loc,no,stan_models/master_neg.stan,econ_-1_loc_-1_glob_1_mod_none,econ_-1_loc_-1_glob_1.csv,1115.1873924760148
econ_glob_loc,0,-1,1,Econ+Glob+Loc,,Glob,Econ+Loc,no,stan_models/master_pos.stan,econ_0_loc_-1_glob_1_mod_econ_glob_loc,econ_0_loc_-1_glob_1.csv,647.9222207632847
econ_glob,0,-1,1,Econ+Glob,Loc,Glob,Econ+Loc,no,stan_models/master_model.stan,econ_0_loc_-1_glob_1_mod_econ_glob,econ_0_loc_-1_glob_1.csv,9379.637786231237
econ_loc,0,-1,1,Econ+Loc,Glob,Glob,Econ+Loc,no,stan_models/master_model.stan,econ_0_loc_-1_glob_1_mod_econ_loc,econ_0_loc_-1_glob_1.csv,4752.651786965085
glob_loc,0,-1,1,Glob+Loc,Econ,Glob,Econ+Loc,no,stan_models/master_model.stan,econ_0_loc_-1_glob_1_mod_glob_loc,econ_0_loc_-1_glob_1.csv,3762.252549656201
econ,0,-1,1,Econ,Glob+Loc,Glob,Econ+Loc,no,stan_models/master_model.stan,econ_0_loc_-1_glob_1_mod_econ,econ_0_loc_-1_glob_1.csv,1923.99188782298
glob,0,-1,1,Glob,Econ+Loc,Glob,Econ+Loc,yes,stan_models/master_model.stan,econ_0_loc_-1_glob_1_mod_glob,econ_0_loc_-1_glob_1.csv,9177.43702499196
loc,0,-1,1,Loc,Econ+Glob,Glob,Econ+Loc,no,stan_models/master_model.stan,econ_0_loc_-1_glob_1_mod_loc,econ_0_loc_-1_glob_1.csv,531.9445243927184
none,0,-1,1,,Econ+Glob+Loc,Glob,Econ+Loc,no,stan_models/master_neg.stan,econ_0_loc_-1_glob_1_mod_none,econ_0_loc_-1_glob_1.csv,9778.09741533501
econ_glob_loc,1,-1,1,Econ+Glob+Loc,,Econ+Glob,Loc,no,stan_models/master_pos.stan,econ_1_loc_-1_glob_1_mod_econ_glob_loc,econ_1_loc_-1_glob_1.csv,8632.908835985232
econ_glob,1,-1,1,Econ+Glob,Loc,Econ+Glob,Loc,yes,stan_models/master_model.stan,econ_1_loc_-1_glob_1_mod_econ_glob,econ_1_loc_-1_glob_1.csv,3379.465533019975
econ_loc,1,-1,1,Econ+Loc,Glob,Econ+Glob,Loc,no,stan_models/master_model.stan,econ_1_loc_-1_glob_1_mod_econ_loc,econ_1_loc_-1_glob_1.csv,9522.859326296952
glob_loc,1,-1,1,Glob+Loc,Econ,Econ+Glob,Loc,no,stan_models/master_model.stan,econ_1_loc_-1_glob_1_mod_glob_loc,econ_1_loc_-1_glob_1.csv,2918.249222679995
econ,1,-1,1,Econ,Glob+Loc,Econ+Glob,Loc,no,stan_models/master_model.stan,econ_1_loc_-1_glob_1_mod_econ,econ_1_loc_-1_glob_1.csv,7020.532025427325
glob,1,-1,1,Glob,Econ+Loc,Econ+Glob,Loc,no,stan_models/master_model.stan,econ_1_loc_-1_glob_1_mod_glob,econ_1_loc_-1_glob_1.csv,1835.053146045655
loc,1,-1,1,Loc,Econ+Glob,Econ+Glob,Loc,no,stan_models/master_model.stan,econ_1_loc_-1_glob_1_mod_loc,econ_1_loc_-1_glob_1.csv,2161.345622297609
none,1,-1,1,,Econ+Glob+Loc,Econ+Glob,Loc,no,stan_models/master_neg.stan,econ_1_loc_-1_glob_1_mod_none,econ_1_loc_-1_glob_1.csv,6030.16301582614
econ_glob_loc,-1,0,1,Econ+Glob+Loc,,Glob,Econ+Loc,no,stan_models/master_pos.stan,econ_-1_loc_0_glob_1_mod_econ_glob_loc,econ_-1_loc_0_glob_1.csv,1063.7503498808946
econ_glob,-1,0,1,Econ+Glob,Loc,Glob,Econ+Loc,no,stan_models/master_model.stan,econ_-1_loc_0_glob_1_mod_econ_glob,econ_-1_loc_0_glob_1.csv,4905.769369614543
econ_loc,-1,0,1,Econ+Loc,Glob,Glob,Econ+Loc,no,stan_models/master_model.stan,econ_-1_loc_0_glob_1_mod_econ_loc,econ_-1_loc_0_glob_1.csv,2920.6066765747964
glob_loc,-1,0,1,Glob+Loc,Econ,Glob,Econ+Loc,no,stan_models/master_model.stan,econ_-1_loc_0_glob_1_mod_glob_loc,econ_-1_loc_0_glob_1.csv,2927.3823834799696
econ,-1,0,1,Econ,Glob+Loc,Glob,Econ+Loc,no,stan_models/master_model.stan,econ_-1_loc_0_glob_1_mod_econ,econ_-1_loc_0_glob_1.csv,6735.979098944226
glob,-1,0,1,Glob,Econ+Loc,Glob,Econ+Loc,yes,stan_models/master_model.stan,econ_-1_loc_0_glob_1_mod_glob,econ_-1_loc_0_glob_1.csv,7994.8159694005735
loc,-1,0,1,Loc,Econ+Glob,Glob,Econ+Loc,no,stan_models/master_model.stan,econ_-1_loc_0_glob_1_mod_loc,econ_-1_loc_0_glob_1.csv,5689.663705529645
none,-1,0,1,,Econ+Glob+Loc,Glob,Econ+Loc,no,stan_models/master_neg.stan,econ_-1_loc_0_glob_1_mod_none,econ_-1_loc_0_glob_1.csv,4763.297743962612
econ_glob_loc,0,0,1,Econ+Glob+Loc,,Glob,Econ+Loc,no,stan_models/master_pos.stan,econ_0_loc_0_glob_1_mod_econ_glob_loc,econ_0_loc_0_glob_1.csv,2386.8892535523046
econ_glob,0,0,1,Econ+Glob,Loc,Glob,Econ+Loc,no,stan_models/master_model.stan,econ_0_loc_0_glob_1_mod_econ_glob,econ_0_loc_0_glob_1.csv,4842.383831463987
econ_loc,0,0,1,Econ+Loc,Glob,Glob,Econ+Loc,no,stan_models/master_model.stan,econ_0_loc_0_glob_1_mod_econ_loc,econ_0_loc_0_glob_1.csv,3294.636707200436
glob_loc,0,0,1,Glob+Loc,Econ,Glob,Econ+Loc,no,stan_models/master_model.stan,econ_0_loc_0_glob_1_mod_glob_loc,econ_0_loc_0_glob_1.csv,5130.0538971805945
econ,0,0,1,Econ,Glob+Loc,Glob,Econ+Loc,no,stan_models/master_model.stan,econ_0_loc_0_glob_1_mod_econ,econ_0_loc_0_glob_1.csv,288.10617136815563
glob,0,0,1,Glob,Econ+Loc,Glob,Econ+Loc,yes,stan_models/master_model.stan,econ_0_loc_0_glob_1_mod_glob,econ_0_loc_0_glob_1.csv,4770.8249506996945
loc,0,0,1,Loc,Econ+Glob,Glob,Econ+Loc,no,stan_models/master_model.stan,econ_0_loc_0_glob_1_mod_loc,econ_0_loc_0_glob_1.csv,7124.507380228024
none,0,0,1,,Econ+Glob+Loc,Glob,Econ+Loc,no,stan_models/master_neg.stan,econ_0_loc_0_glob_1_mod_none,econ_0_loc_0_glob_1.csv,3999.3890515826643
econ_glob_loc,1,0,1,Econ+Glob+Loc,,Econ+Glob,Loc,no,stan_models/master_pos.stan,econ_1_loc_0_glob_1_mod_econ_glob_loc,econ_1_loc_0_glob_1.csv,8389.061377864797
econ_glob,1,0,1,Econ+Glob,Loc,Econ+Glob,Loc,yes,stan_models/master_model.stan,econ_1_loc_0_glob_1_mod_econ_glob,econ_1_loc_0_glob_1.csv,4385.031625102041
econ_loc,1,0,1,Econ+Loc,Glob,Econ+Glob,Loc,no,stan_models/master_model.stan,econ_1_loc_0_glob_1_mod_econ_loc,econ_1_loc_0_glob_1.csv,2780.9004601398483
glob_loc,1,0,1,Glob+Loc,Econ,Econ+Glob,Loc,no,stan_models/master_model.stan,econ_1_loc_0_glob_1_mod_glob_loc,econ_1_loc_0_glob_1.csv,5528.7846048469655
econ,1,0,1,Econ,Glob+Loc,Econ+Glob,Loc,no,stan_models/master_model.stan,econ_1_loc_0_glob_1_mod_econ,econ_1_loc_0_glob_1.csv,4544.178953311872
glob,1,0,1,Glob,Econ+Loc,Econ+Glob,Loc,no,stan_models/master_model.stan,econ_1_loc_0_glob_1_mod_glob,econ_1_loc_0_glob_1.csv,7342.658209091052
loc,1,0,1,Loc,Econ+Glob,Econ+Glob,Loc,no,stan_models/master_model.stan,econ_1_loc_0_glob_1_mod_loc,econ_1_loc_0_glob_1.csv,4950.09673383343
none,1,0,1,,Econ+Glob+Loc,Econ+Glob,Loc,no,stan_models/master_neg.stan,econ_1_loc_0_glob_1_mod_none,econ_1_loc_0_glob_1.csv,7123.158922746312
econ_glob_loc,-1,1,1,Econ+Glob+Loc,,Glob+Loc,Econ,no,stan_models/master_pos.stan,econ_-1_loc_1_glob_1_mod_econ_glob_loc,econ_-1_loc_1_glob_1.csv,1519.4730793242343
econ_glob,-1,1,1,Econ+Glob,Loc,Glob+Loc,Econ,no,stan_models/master_model.stan,econ_-1_loc_1_glob_1_mod_econ_glob,econ_-1_loc_1_glob_1.csv,2771.2304432382807
econ_loc,-1,1,1,Econ+Loc,Glob,Glob+Loc,Econ,no,stan_models/master_model.stan,econ_-1_loc_1_glob_1_mod_econ_loc,econ_-1_loc_1_glob_1.csv,5663.798530727392
glob_loc,-1,1,1,Glob+Loc,Econ,Glob+Loc,Econ,yes,stan_models/master_model.stan,econ_-1_loc_1_glob_1_mod_glob_loc,econ_-1_loc_1_glob_1.csv,617.2620175182819
econ,-1,1,1,Econ,Glob+Loc,Glob+Loc,Econ,no,stan_models/master_model.stan,econ_-1_loc_1_glob_1_mod_econ,econ_-1_loc_1_glob_1.csv,8196.901635336922
glob,-1,1,1,Glob,Econ+Loc,Glob+Loc,Econ,no,stan_models/master_model.stan,econ_-1_loc_1_glob_1_mod_glob,econ_-1_loc_1_glob_1.csv,1966.6453065893147
loc,-1,1,1,Loc,Econ+Glob,Glob+Loc,Econ,no,stan_models/master_model.stan,econ_-1_loc_1_glob_1_mod_loc,econ_-1_loc_1_glob_1.csv,8638.712632689858
none,-1,1,1,,Econ+Glob+Loc,Glob+Loc,Econ,no,stan_models/master_neg.stan,econ_-1_loc_1_glob_1_mod_none,econ_-1_loc_1_glob_1.csv,2839.700917853508
econ_glob_loc,0,1,1,Econ+Glob+Loc,,Glob+Loc,Econ,no,stan_models/master_pos.stan,econ_0_loc_1_glob_1_mod_econ_glob_loc,econ_0_loc_1_glob_1.csv,576.9478820322547
econ_glob,0,1,1,Econ+Glob,Loc,Glob+Loc,Econ,no,stan_models/master_model.stan,econ_0_loc_1_glob_1_mod_econ_glob,econ_0_loc_1_glob_1.csv,6090.273594633443
econ_loc,0,1,1,Econ+Loc,Glob,Glob+Loc,Econ,no,stan_models/master_model.stan,econ_0_loc_1_glob_1_mod_econ_loc,econ_0_loc_1_glob_1.csv,6008.829154600855
glob_loc,0,1,1,Glob+Loc,Econ,Glob+Loc,Econ,yes,stan_models/master_model.stan,econ_0_loc_1_glob_1_mod_glob_loc,econ_0_loc_1_glob_1.csv,2254.485591735691
econ,0,1,1,Econ,Glob+Loc,Glob+Loc,Econ,no,stan_models/master_model.stan,econ_0_loc_1_glob_1_mod_econ,econ_0_loc_1_glob_1.csv,8993.146464589285
glob,0,1,1,Glob,Econ+Loc,Glob+Loc,Econ,no,stan_models/master_model.stan,econ_0_loc_1_glob_1_mod_glob,econ_0_loc_1_glob_1.csv,1717.266354893567
loc,0,1,1,Loc,Econ+Glob,Glob+Loc,Econ,no,stan_models/master_model.stan,econ_0_loc_1_glob_1_mod_loc,econ_0_loc_1_glob_1.csv,3067.7465554212686
none,0,1,1,,Econ+Glob+Loc,Glob+Loc,Econ,no,stan_models/master_neg.stan,econ_0_loc_1_glob_1_mod_none,econ_0_loc_1_glob_1.csv,9006.352036081254
econ_glob_loc,1,1,1,Econ+Glob+Loc,,Econ+Glob+Loc,,yes,stan_models/master_pos.stan,econ_1_loc_1_glob_1_mod_econ_glob_loc,econ_1_loc_1_glob_1.csv,3639.6862909053452
econ_glob,1,1,1,Econ+Glob,Loc,Econ+Glob+Loc,,no,stan_models/master_model.stan,econ_1_loc_1_glob_1_mod_econ_glob,econ_1_loc_1_glob_1.csv,7415.541167750256
econ_loc,1,1,1,Econ+Loc,Glob,Econ+Glob+Loc,,no,stan_models/master_model.stan,econ_1_loc_1_glob_1_mod_econ_loc,econ_1_loc_1_glob_1.csv,84.39102385705337
glob_loc,1,1,1,Glob+Loc,Econ,Econ+Glob+Loc,,no,stan_models/master_model.stan,econ_1_loc_1_glob_1_mod_glob_loc,econ_1_loc_1_glob_1.csv,6291.769075286109
econ,1,1,1,Econ,Glob+Loc,Econ+Glob+Loc,,no,stan_models/master_model.stan,econ_1_loc_1_glob_1_mod_econ,econ_1_loc_1_glob_1.csv,3721.8129985169508
glob,1,1,1,Glob,Econ+Loc,Econ+Glob+Loc,,no,stan_models/master_model.stan,econ_1_loc_1_glob_1_mod_glob,econ_1_loc_1_glob_1.csv,464.3292070867028
loc,1,1,1,Loc,Econ+Glob,Econ+Glob+Loc,,no,stan_models/master_model.stan,econ_1_loc_1_glob_1_mod_loc,econ_1_loc_1_glob_1.csv,3316.8286009058356
none,1,1,1,,Econ+Glob+Loc,Econ+Glob+Loc,,no,stan_models/master_neg.stan,econ_1_loc_1_glob_1_mod_none,econ_1_loc_1_glob_1.csv,6734.194036866538
